TIME;ACC_X;ACC_Y;ACC_Z;GYR_X;GYR_Y;GYR_Z
7;-0.08;0.21;9.13;-2.17;0.06;-1.11
111;-0.06;0.15;9.20;-2.11;-0.03;-1.09
216;-0.15;0.17;9.04;-2.18;0.08;-1.12
320;-0.04;0.19;9.09;-2.20;0.12;-1.11
424;-0.09;0.21;9.22;-2.19;0.24;-1.17
528;-0.08;0.18;9.10;-2.32;0.14;-1.06
632;-0.06;0.14;9.03;-1.99;0.00;-1.01
737;-0.08;0.16;9.10;-2.28;-0.08;-1.21
841;-0.10;0.20;9.03;-2.27;-0.02;-1.15
946;-0.06;0.19;9.08;-2.22;-0.10;-1.21
1050;-0.06;0.19;9.10;-2.14;0.05;-1.05
1155;-0.08;0.15;9.19;-2.16;0.01;-1.05
1259;-0.06;0.14;9.04;-2.01;0.00;-0.94
1362;-0.05;0.21;9.15;-2.34;0.11;-1.16
1467;-0.16;0.20;9.21;-2.25;-0.05;-1.01
1571;-0.10;0.20;9.14;-2.22;0.06;-1.16
1676;-0.10;0.18;9.12;-2.26;-0.06;-1.05
1780;-0.08;0.17;9.22;-2.16;-0.04;-1.04
1885;-0.15;0.14;9.04;-2.22;0.02;-1.21
1989;-0.07;0.21;9.15;-2.18;-0.11;-1.15
2094;-0.05;0.12;9.11;-2.33;-0.01;-1.14
2198;-0.04;0.22;9.15;-2.09;0.18;-1.09
2302;-0.07;0.17;9.08;-2.23;0.11;-1.02
2407;-0.08;0.21;9.09;-2.20;-0.14;-0.92
2511;-0.11;0.18;8.99;-2.04;0.14;-1.15
2616;-0.07;0.21;9.10;-2.14;0.07;-0.95
2719;-0.07;0.19;9.12;-2.30;0.18;-1.06
2824;-0.06;0.19;9.14;-2.22;0.08;-1.03
2928;-0.10;0.18;9.11;-2.01;0.09;-1.04
3033;-0.12;0.15;9.15;-2.10;0.03;-1.08
3137;-0.01;0.14;9.11;-2.14;0.11;-1.17
3241;-0.05;0.20;9.13;-1.93;-0.15;-1.14
3346;-0.06;0.17;9.03;-1.96;0.08;-0.99
3450;-0.04;0.20;9.18;-2.14;0.12;-0.96
3555;-0.04;0.20;9.04;-2.25;-0.03;-1.09
3659;-0.04;0.18;8.96;-2.14;-0.21;-1.11
3764;-0.03;0.17;9.09;-2.17;0.07;-1.05
3868;-0.10;0.13;9.15;-2.17;0.06;-1.01
3972;-0.06;0.20;9.08;-2.22;0.15;-1.09
4076;-0.05;0.17;9.11;-2.11;-0.03;-1.11
4180;-0.04;0.19;9.10;-2.11;0.17;-1.01
4285;-0.05;0.14;9.14;-2.22;0.06;-1.05
4389;-0.06;0.27;9.13;-2.31;0.01;-1.10
4494;-0.02;0.22;9.09;-2.27;-0.08;-1.14
4598;-0.10;0.16;9.04;-2.03;-0.07;-1.12
4703;-0.07;0.13;9.13;-2.17;0.16;-0.99
4807;-0.08;0.13;9.13;-2.17;0.01;-1.04
4912;-0.08;0.14;9.06;-2.20;-0.05;-1.17
5016;-0.04;0.21;9.10;-2.14;0.02;-1.06
5121;-0.12;0.20;9.09;-2.05;-0.16;-1.02
5224;-0.03;0.17;9.06;-2.20;0.05;-1.08
5328;-0.09;0.18;9.13;-2.15;0.09;-1.07
5433;-0.13;0.17;9.01;-2.20;0.11;-1.01
5537;-0.07;0.23;9.20;-2.20;-0.04;-1.04
5642;-0.09;0.12;9.03;-2.10;0.13;-1.01
5746;-0.05;0.12;9.06;-2.10;-0.05;-1.19
5851;-0.07;0.22;9.06;-2.25;0.03;-1.17
5955;-0.12;0.17;9.14;-2.10;0.06;-0.98
6060;-0.13;0.18;9.10;-2.15;-0.17;-0.97
6164;-0.02;0.17;9.14;-2.17;-0.11;-1.14
6268;-0.06;0.21;9.02;-2.32;-0.08;-0.96
6372;-0.08;0.17;9.11;-2.08;0.00;-0.98
6476;-0.07;0.16;9.07;-2.27;0.14;-1.11
6581;-0.05;0.15;9.03;-2.17;0.05;-1.01
6685;-0.08;0.18;9.15;-2.17;0.21;-1.08
6790;-0.10;0.15;9.09;-2.11;0.14;-1.04
6894;-0.09;0.19;9.07;-2.14;-0.06;-1.02
6999;-0.06;0.14;9.08;-2.10;0.02;-1.07
7103;-0.01;0.24;9.11;-2.21;-0.02;-1.06
7207;-0.05;0.17;9.13;-2.04;0.07;-1.08
7312;-0.09;0.18;9.01;-1.97;0.17;-0.90
7416;-0.07;0.22;9.10;-2.22;0.02;-1.04
7520;-0.04;0.23;9.11;-2.15;-0.11;-1.10
7624;-0.09;0.19;9.18;-2.28;0.07;-1.08
7729;-0.01;0.17;9.03;-2.09;0.08;-0.96
7833;-0.06;0.20;9.08;-2.37;0.08;-1.01
7938;-0.09;0.20;9.04;-2.20;-0.02;-1.10
8042;-0.04;0.20;9.11;-2.16;0.06;-1.08
8146;-0.07;0.15;9.04;-2.20;-0.04;-1.01
8251;-0.09;0.20;9.11;-2.23;0.10;-1.14
8355;-0.06;0.13;9.09;-2.08;-0.05;-0.94
8460;-0.10;0.13;9.07;-2.28;-0.14;-1.13
8564;-0.04;0.19;9.10;-2.05;0.05;-1.12
8668;-0.04;0.18;9.19;-2.20;0.04;-1.10
8772;-0.05;0.15;9.06;-2.01;0.02;-1.06
8877;-0.06;0.21;9.04;-2.24;0.05;-1.14
8981;-0.10;0.17;9.16;-2.29;-0.14;-1.26
9085;-0.08;0.24;9.14;-1.91;-0.10;-1.03
9190;-0.10;0.18;9.13;-2.21;0.22;-1.08
9294;-0.16;0.14;9.12;-2.08;0.25;-1.17
9399;-0.05;0.22;9.10;-2.28;-0.01;-1.05
9503;-0.09;0.22;9.13;-2.20;-0.05;-1.14
9608;-0.09;0.21;9.12;-2.33;0.23;-0.91
9712;-0.17;0.18;9.12;-2.27;0.03;-1.19
9817;-0.06;0.22;9.10;-2.03;-0.10;-1.09
9921;-0.14;0.17;9.09;-2.07;0.02;-1.12
10024;-0.11;0.13;9.11;-2.26;-0.03;-0.96
10129;-0.10;0.15;9.14;-2.15;0.00;-0.93
10233;-0.07;0.21;9.09;-2.18;0.04;-0.97
10338;-0.00;0.18;9.09;-2.16;0.02;-1.14
10442;-0.11;0.24;8.98;-2.17;0.17;-1.14
10547;-0.06;0.22;9.05;-2.11;-0.06;-1.05
10651;-0.13;0.19;8.99;-2.23;0.04;-1.09
10756;-0.14;0.14;9.04;-2.07;0.08;-1.22
10860;-0.07;0.17;9.08;-2.30;0.02;-1.06
10964;-0.06;0.19;9.10;-2.00;0.01;-1.07
11069;-0.13;0.16;9.11;-2.04;0.08;-1.11
11173;-0.14;0.16;9.12;-2.24;-0.05;-1.05
11278;-0.07;0.23;9.04;-2.19;0.07;-1.05
11382;-0.10;0.15;9.03;-2.16;-0.03;-0.96
11487;-0.08;0.21;9.17;-2.15;-0.02;-1.02
11591;-0.14;0.12;9.14;-2.26;0.20;-1.15
11696;-0.07;0.18;9.20;-2.12;-0.02;-0.97
11800;-0.11;0.18;9.05;-2.08;-0.13;-1.10
11905;-0.10;0.19;9.09;-2.13;0.14;-1.09
12009;-0.12;0.16;9.01;-2.11;0.13;-0.97
12113;-0.12;0.19;9.10;-2.19;0.16;-1.01
12218;-0.07;0.18;9.21;-2.20;-0.03;-1.13
12322;-0.06;0.22;9.07;-2.17;-0.05;-1.15
12427;-0.06;0.20;9.05;-2.17;-0.01;-1.26
12531;-0.10;0.18;9.15;-2.11;0.07;-0.89
12635;-0.07;0.23;9.13;-2.06;-0.12;-1.10
12739;-0.13;0.16;9.07;-1.93;0.04;-1.14
12844;-0.05;0.20;9.09;-2.27;0.18;-0.96
12948;-0.12;0.25;9.06;-2.00;-0.08;-1.14
13052;-0.07;0.22;9.12;-2.27;-0.18;-1.11
13157;-0.11;0.15;9.01;-2.13;-0.05;-1.08
13261;-0.06;0.23;9.08;-2.16;0.14;-1.11
13366;-0.00;0.23;9.04;-2.10;-0.03;-1.00
13470;-0.09;0.18;9.10;-2.12;0.07;-1.14
13575;-0.06;0.17;9.04;-2.24;0.10;-1.13
13679;-0.04;0.15;9.07;-2.06;-0.21;-1.19
13784;-0.05;0.17;9.06;-2.23;0.05;-1.08
13888;-0.04;0.21;9.09;-2.20;0.02;-1.05
13992;-0.08;0.16;9.06;-2.14;0.01;-1.17
14097;-0.04;0.20;9.13;-2.02;-0.05;-1.05
14201;-0.09;0.20;9.15;-2.20;-0.18;-1.08
14306;-0.07;0.19;9.18;-2.23;0.21;-1.07
14410;-0.03;0.18;9.14;-2.20;-0.02;-1.05
14515;-0.07;0.24;9.07;-2.30;0.14;-0.89
14619;-0.09;0.15;9.10;-2.01;0.08;-0.92
14724;-0.08;0.24;9.05;-2.11;-0.11;-1.17
14828;-0.09;0.18;9.11;-2.08;0.16;-1.15
14932;-0.06;0.20;9.08;-2.24;0.18;-0.96
15037;-0.07;0.16;9.13;-2.24;0.14;-1.16
15141;-0.06;0.14;9.05;-2.20;0.19;-1.21
15246;-0.07;0.16;9.08;-2.17;-0.11;-0.98
15350;-0.08;0.21;9.18;-2.08;0.14;-1.06
15454;-0.08;0.15;9.15;-2.23;0.05;-0.96
15558;-0.10;0.18;9.17;-2.17;0.11;-1.01
15663;-0.12;0.20;9.08;-2.14;0.14;-1.13
15767;-0.12;0.20;9.04;-2.14;0.07;-1.10
15872;-0.03;0.18;9.12;-2.28;0.11;-1.06
15976;-0.05;0.22;9.08;-2.04;0.04;-1.05
16080;-0.09;0.19;9.08;-2.32;0.17;-1.12
16185;-0.11;0.18;9.00;-2.08;0.03;-1.15
16289;-0.10;0.14;9.12;-2.16;0.03;-1.03
16394;-0.13;0.15;9.06;-2.00;0.02;-1.08
16498;-0.06;0.13;9.06;-2.15;0.06;-1.06
16603;-0.08;0.19;9.09;-2.02;-0.14;-1.01
16707;-0.06;0.22;9.09;-2.26;-0.15;-0.98
16812;-0.08;0.19;9.10;-2.07;-0.13;-1.24
16916;-0.08;0.19;9.00;-2.20;0.00;-1.19
17020;-0.03;0.16;9.10;-2.16;0.17;-1.20
17125;-0.12;0.12;9.11;-2.26;0.02;-1.11
17229;-0.11;0.21;9.14;-2.08;-0.08;-1.11
17334;-0.05;0.19;9.01;-2.09;-0.10;-1.09
17438;-0.04;0.20;9.08;-2.24;0.20;-1.08
17543;-0.06;0.17;9.13;-2.29;-0.01;-1.10
17647;-0.07;0.19;9.08;-2.15;0.08;-1.03
17752;-0.05;0.18;9.20;-2.37;0.09;-1.12
17856;-0.06;0.18;9.15;-2.24;-0.02;-1.13
17959;-0.07;0.14;9.13;-2.11;-0.04;-1.09
18064;-0.12;0.20;9.00;-2.12;0.13;-1.15
18168;-0.06;0.18;9.06;-2.14;0.10;-1.08
18273;-0.08;0.13;9.10;-2.08;0.21;-1.08
18377;-0.03;0.21;9.15;-2.17;0.02;-0.96
18482;-0.10;0.19;8.98;-2.17;0.15;-0.95
18586;-0.05;0.18;9.12;-2.13;0.12;-1.10
18691;-0.01;0.19;9.09;-2.15;0.21;-0.97
18795;-0.08;0.19;9.12;-2.20;0.08;-1.11
18899;-0.11;0.20;9.02;-2.14;0.24;-1.19
19004;-0.14;0.20;9.12;-2.33;-0.24;-1.14
19108;-0.10;0.19;9.10;-2.14;0.12;-1.06
19213;-0.11;0.17;9.11;-2.20;-0.02;-0.80
19317;-0.07;0.20;9.13;-2.21;0.00;-1.01
19422;-0.02;0.16;9.10;-2.27;0.20;-1.16
19526;-0.11;0.22;9.09;-2.11;0.00;-1.08
19631;-0.00;0.15;9.14;-2.33;0.15;-1.18
19735;-0.07;0.19;9.10;-2.29;0.12;-1.08
19840;-0.14;0.13;9.04;-2.25;-0.01;-1.14
19944;-0.04;0.17;9.05;-2.17;-0.10;-1.12
20048;-0.11;0.19;9.02;-2.11;0.14;-1.10
20153;-0.06;0.13;9.08;-2.20;0.07;-1.06
20257;-0.03;0.21;9.08;-2.17;-0.08;-1.13
20362;-0.12;0.18;9.15;-2.22;0.11;-1.16
20466;-0.02;0.18;9.10;-2.05;0.14;-1.11
20571;-0.13;0.21;9.13;-2.26;-0.06;-1.11
20675;-0.03;0.19;9.02;-2.24;0.18;-1.05
20779;-0.07;0.18;9.07;-2.00;-0.09;-1.05
20883;-0.06;0.21;9.06;-2.29;0.02;-1.14
20987;-0.04;0.18;9.03;-2.10;0.09;-0.89
21092;-0.06;0.23;9.07;-2.19;0.16;-1.24
21196;-0.10;0.15;9.11;-2.19;0.15;-1.11
21301;-0.12;0.19;9.03;-2.11;0.01;-1.14
21405;-0.10;0.23;9.07;-2.10;0.11;-0.98
21510;-0.07;0.15;9.08;-2.12;0.05;-1.07
21614;-0.14;0.20;9.09;-2.14;0.06;-1.14
21719;-0.03;0.17;9.11;-2.26;0.05;-1.01
21823;-0.06;0.16;9.13;-2.10;0.00;-1.16
21927;-0.08;0.20;9.13;-2.13;-0.10;-1.11
22032;-0.06;0.22;9.21;-2.29;-0.11;-1.08
22136;-0.09;0.16;9.07;-2.28;0.02;-1.00
22241;-0.06;0.16;9.08;-2.13;-0.08;-1.17
22345;-0.05;0.20;9.15;-2.09;0.02;-1.10
22450;-0.04;0.22;9.08;-2.33;0.13;-1.16
22554;-0.02;0.22;9.03;-2.18;-0.08;-1.10
22659;-0.02;0.17;9.02;-2.27;0.11;-1.17
22763;-0.12;0.23;9.04;-2.33;0.05;-0.98
22867;-0.09;0.22;9.15;-2.14;-0.02;-1.07
22972;-0.08;0.21;9.04;-2.15;0.08;-1.03
23076;-0.09;0.19;9.14;-2.25;-0.01;-0.93
23181;-0.08;0.18;9.08;-2.14;-0.02;-1.08
23285;0.04;0.23;9.08;-2.23;0.02;-1.05
23389;-0.06;0.17;9.09;-2.11;0.15;-1.05
23493;-0.05;0.18;8.99;-2.07;0.14;-1.08
23598;-0.06;0.15;9.09;-2.10;0.18;-1.12
23702;-0.05;0.17;9.17;-2.24;0.22;-0.98
23806;-0.08;0.17;9.12;-2.09;0.15;-1.04
23911;-0.05;0.21;9.01;-2.28;0.09;-1.05
24015;-0.11;0.13;9.11;-2.13;0.06;-1.05
24120;-0.06;0.16;9.08;-2.24;0.27;-1.17
24224;-0.06;0.10;9.16;-2.23;0.13;-1.18
24329;-0.02;0.15;9.07;-2.06;0.08;-1.00
24433;-0.13;0.23;9.00;-2.30;-0.10;-1.01
24538;-0.05;0.20;9.06;-2.29;0.13;-1.06
24642;-0.11;0.20;9.09;-2.27;0.08;-0.98
24747;-0.07;0.19;9.11;-2.26;-0.02;-1.25
24851;-0.08;0.22;9.11;-2.11;0.18;-1.14
24955;-0.08;0.19;9.02;-2.13;0.08;-1.10
25060;-0.07;0.10;9.05;-2.16;0.14;-1.08
25164;-0.06;0.17;9.05;-2.11;-0.05;-1.14
25269;-0.05;0.18;9.07;-2.27;0.17;-0.99
25373;-0.07;0.20;9.07;-2.28;0.27;-1.02
25478;-0.05;0.17;9.07;-2.06;0.16;-1.06
25582;-0.10;0.17;9.03;-2.17;0.02;-1.00
25687;-0.07;0.18;9.18;-2.13;0.05;-1.02
25791;-0.06;0.20;9.11;-2.37;-0.03;-0.91
25894;-0.06;0.17;9.18;-2.30;0.13;-1.01
25999;-0.07;0.16;9.11;-2.23;0.10;-1.03
26103;-0.06;0.16;9.13;-2.14;-0.01;-0.99
26208;-0.05;0.20;9.08;-2.17;-0.14;-1.24
26312;-0.06;0.12;9.10;-2.15;0.05;-1.30
26417;-0.11;0.24;9.15;-1.91;-0.07;-1.15
26521;-0.05;0.16;9.09;-1.97;-0.01;-1.08
26626;0.00;0.24;9.08;-2.07;-0.04;-1.01
26730;-0.06;0.23;9.05;-2.11;-0.08;-1.02
26834;-0.09;0.19;9.09;-2.23;0.11;-1.04
26939;-0.08;0.19;9.13;-2.08;0.15;-1.02
27043;-0.03;0.21;9.11;-2.23;0.16;-1.18
27148;-0.09;0.16;9.12;-2.27;-0.12;-1.10
27252;-0.08;0.21;9.04;-2.30;-0.05;-1.28
27357;-0.05;0.13;9.10;-2.11;0.12;-1.20
27461;-0.06;0.18;9.05;-2.27;-0.09;-0.93
27566;-0.07;0.21;9.04;-2.24;0.00;-1.17
27670;-0.04;0.11;9.12;-2.20;0.11;-0.99
27774;-0.04;0.16;9.13;-2.12;0.05;-1.06
27879;-0.07;0.17;9.03;-2.20;0.00;-1.24
27983;-0.05;0.24;9.05;-2.17;-0.05;-1.08
28088;-0.06;0.20;9.08;-2.30;-0.18;-1.03
28192;-0.09;0.24;9.11;-2.17;0.09;-1.06
28297;-0.08;0.17;9.13;-2.32;0.07;-1.03
28401;-0.12;0.18;9.06;-2.23;-0.11;-1.30
28505;-0.08;0.19;9.15;-2.02;-0.01;-1.00
28609;-0.01;0.22;9.11;-2.30;0.17;-1.06
28713;-0.05;0.13;9.15;-2.07;-0.05;-0.99
28818;-0.02;0.19;9.08;-2.18;0.08;-1.05
28922;-0.08;0.20;9.14;-2.20;0.06;-1.10
29027;-0.12;0.24;9.21;-2.04;0.10;-1.07
29131;-0.10;0.17;9.06;-2.24;0.14;-1.25
29236;-0.04;0.18;9.09;-2.15;-0.04;-1.17
29340;-0.05;0.15;9.13;-2.21;-0.05;-1.15
29445;-0.14;0.23;9.09;-2.17;-0.05;-1.03
29549;-0.04;0.15;9.16;-2.17;0.21;-1.09
29654;-0.06;0.16;9.20;-2.05;0.09;-1.08
29758;0.00;0.14;9.15;-2.17;-0.11;-1.02
29862;-0.13;0.22;9.15;-1.94;0.16;-1.11
29967;-0.06;0.15;9.13;-2.23;0.03;-1.13
30071;-0.03;0.20;9.08;-2.23;0.08;-1.16
30176;-0.06;0.17;9.03;-2.27;0.09;-1.21
30280;-0.11;0.19;9.04;-2.14;0.05;-1.21
30385;-0.03;0.18;9.02;-2.04;0.18;-1.05
30489;-0.04;0.18;9.09;-2.11;0.00;-1.34
30594;-0.03;0.16;9.07;-2.15;0.08;-1.07
30698;-0.06;0.24;9.11;-2.13;0.11;-1.00
30802;-0.05;0.20;9.09;-2.28;-0.01;-1.06
30907;-0.08;0.23;9.15;-2.17;0.00;-1.24
31011;-0.09;0.22;9.05;-2.08;-0.16;-1.17
31116;-0.06;0.17;9.16;-2.06;0.05;-0.91
31219;-0.08;0.19;9.11;-2.21;-0.08;-1.05
31324;-0.06;0.19;9.09;-2.21;0.04;-0.96
31428;-0.06;0.16;9.05;-2.03;-0.10;-1.06
31533;-0.12;0.21;9.11;-2.12;0.05;-1.03
31637;-0.06;0.16;9.13;-2.06;0.04;-1.16
31741;-0.08;0.21;9.12;-2.23;0.04;-1.15
31846;-0.09;0.17;9.08;-2.08;0.11;-1.30
31950;-0.14;0.18;9.13;-2.21;-0.11;-1.16
32055;-0.11;0.18;9.08;-2.09;-0.04;-1.11
32159;-0.02;0.20;9.14;-2.20;0.15;-0.96
32264;-0.16;0.23;9.10;-2.04;-0.30;-1.16
32368;-0.10;0.18;9.08;-2.24;0.53;-0.97
32473;-0.00;0.20;9.18;-2.37;0.66;-1.02
32577;-0.08;0.25;9.09;-2.56;1.32;-0.94
32681;-0.09;0.17;9.06;-2.40;1.49;-1.15
32786;-0.05;0.17;9.03;-2.29;0.31;-1.10
32890;-0.08;0.16;9.12;-2.27;0.13;-1.21
32995;-0.11;0.28;9.11;-2.10;0.06;-1.12
33099;-0.12;0.21;9.07;-2.22;-0.14;-1.14
33204;-0.14;0.27;9.03;-2.12;-0.45;-1.21
33308;-0.15;0.17;9.07;-2.08;-1.30;-1.06
33413;0.30;0.03;9.16;-5.03;0.01;15.15
33517;-0.04;0.13;9.08;-2.26;0.02;-0.95
33622;-0.11;0.18;9.08;-2.20;0.11;-0.89
33726;-0.11;0.16;9.11;-2.20;-0.12;-1.14
33830;-0.07;0.18;9.06;-2.05;0.20;-1.21
33935;-0.01;0.14;9.10;-2.19;-0.15;-1.14
34039;-0.10;0.10;9.14;-2.22;0.01;-1.14
34144;-0.04;0.10;9.05;-2.18;-0.02;-1.18
34247;-0.07;0.14;9.13;-2.14;0.10;-1.13
34352;-0.11;0.16;9.15;-2.11;-0.05;-1.16
34456;-0.09;0.13;9.13;-2.24;-0.14;-1.05
34561;-0.06;0.14;9.07;-2.17;0.12;-1.11
34665;-0.11;0.20;9.07;-2.13;0.01;-1.02
34769;-0.09;0.11;9.14;-2.34;-0.04;-1.31
34874;-0.08;0.12;9.14;-2.24;0.23;-1.17
34978;-0.09;0.17;9.16;-2.34;0.02;-1.12
35083;-0.08;0.15;9.08;-1.50;0.02;-1.01
35187;-0.11;0.15;9.26;-2.67;0.10;-1.05
35292;-0.16;0.08;8.93;-5.86;0.46;-1.23
35396;-0.09;-0.13;8.45;-2.72;0.61;-0.95
35501;-0.97;-0.07;8.96;-2.08;-0.60;5.72
35605;0.15;-0.05;9.20;-11.76;6.75;2.61
35709;-0.54;-0.08;8.93;-7.90;12.34;-8.22
35814;-0.89;-0.29;8.78;-4.42;22.16;6.09
35918;-1.08;-0.15;8.69;-8.22;20.93;-9.73
36023;0.06;-0.37;8.61;3.91;-17.45;0.83
36127;-0.53;0.18;9.04;8.39;22.44;41.67
36232;-0.37;-0.12;7.99;3.65;7.84;30.61
36336;-0.14;0.19;9.03;-2.17;0.11;-1.18
36441;-0.10;0.20;9.13;-2.32;-0.11;-1.19
36545;-0.11;0.14;9.09;-2.18;-0.13;-1.30
36649;-0.10;0.14;9.06;-2.33;0.03;-1.11
36754;-0.09;0.16;9.09;-2.18;-0.08;-1.21
36858;-0.01;0.17;9.05;-2.15;0.08;-1.19
36963;-0.16;0.16;9.11;-2.20;0.20;-1.17
37067;-0.08;0.16;9.03;-2.17;-0.06;-1.30
37172;-0.11;0.18;9.14;-2.23;0.18;-1.16
37276;-0.06;0.18;9.13;-2.08;-0.08;-0.98
37381;-0.10;0.24;8.96;-2.11;0.18;-1.20
37485;-0.10;0.17;9.12;-2.19;-0.05;-1.17
37590;-0.05;0.15;9.13;-2.13;0.02;-1.11
37694;-0.08;0.17;9.09;-2.37;0.10;-1.30
37798;-0.09;0.19;9.14;-2.17;-0.05;-0.95
37903;-1.61;-0.68;8.63;-3.45;-3.75;-0.98
38007;0.12;0.80;9.40;-1.21;3.99;-16.78
38112;1.25;-0.70;7.80;-11.91;-115.78;33.74
38216;2.37;0.56;9.60;-23.93;-139.10;12.22
38321;3.14;-1.92;6.17;8.05;-14.39;11.52
38425;1.99;-1.01;9.52;-4.25;-20.42;7.21
38530;1.29;-4.90;9.13;6.77;-44.50;77.34
38634;1.21;-1.73;10.12;15.15;-19.21;12.05
38739;1.62;-0.93;9.22;15.45;-116.57;-5.07
38844;3.65;-1.18;8.83;-16.86;-15.98;-17.32
38948;2.90;-2.94;7.43;40.66;165.50;-20.48
39053;-2.74;-0.52;5.19;51.85;245.77;2.64
39157;-2.84;-1.49;7.54;7.36;136.56;75.72
39262;-4.52;-0.10;7.29;44.19;138.14;-29.03
39367;-4.31;-2.64;9.72;-9.39;-56.19;1.08
39472;-4.62;-0.99;7.34;-15.41;45.17;7.79
39576;-7.02;-1.38;6.85;1.94;157.88;19.03
39681;-6.94;-0.20;5.02;15.82;38.28;-4.27
39785;-5.69;0.33;-2.11;-49.94;81.82;-1.09
39889;-4.85;0.94;1.06;30.14;63.95;9.53
39994;-9.43;-2.70;0.44;48.83;82.32;-9.61
40098;-10.22;-1.55;-1.91;-33.35;44.71;55.11
40203;-8.98;-0.50;-4.16;21.73;71.18;-7.10
40307;-8.56;-0.18;-4.28;15.08;98.35;23.68
40413;-9.12;0.41;-5.40;-8.16;77.13;-6.47
40517;-6.96;-0.69;-6.19;-24.80;-3.68;-13.54
40622;-9.16;0.45;-7.10;-38.57;-108.53;-30.22
40726;-9.67;-0.23;-5.77;8.15;-67.13;-25.54
40830;-9.10;-1.19;-3.39;-28.56;-98.40;-33.90
40935;-8.66;-2.23;-1.55;-69.40;-157.60;-31.48
41039;-7.35;-2.31;0.94;-6.94;-30.06;-110.60
41145;-2.87;-4.83;2.57;12.15;3.83;-69.44
41249;-0.03;-6.17;0.86;-38.39;13.84;-25.41
41354;-6.86;-5.76;2.94;-23.79;-92.25;9.48
41458;-3.55;-5.98;7.65;4.17;-45.00;-11.86
41563;-4.51;-5.77;5.78;21.01;20.81;-28.59
41667;-1.50;-6.17;7.38;-0.19;-34.58;2.85
41772;-2.85;-5.31;4.62;-2.82;-29.88;20.52
41876;-0.40;-7.52;10.24;3.20;-250.00;-24.38
41980;-4.17;-4.47;4.61;29.78;28.36;-41.95
42086;-3.18;-2.99;7.66;42.66;97.90;8.01
42190;-2.51;-4.10;7.62;-18.55;-39.88;-22.62
42295;2.26;-4.61;9.77;76.54;-232.28;-21.97
42399;2.69;-4.48;8.27;-49.96;-157.97;-64.13
42504;5.41;-0.24;5.82;-53.58;-250.00;-83.02
42608;8.26;-1.85;0.56;1.00;-250.00;-16.33
42713;11.14;-2.46;-2.03;-59.10;-250.00;80.41
42818;7.43;-2.97;-5.69;-14.56;-188.60;14.14
42923;5.25;-2.79;-7.23;-26.86;-176.77;-24.11
43027;5.26;-3.50;-7.90;-47.46;37.41;-22.79
43131;5.10;-4.22;-6.53;-49.10;45.64;74.44
43236;12.15;-0.74;-19.63;-20.81;-105.63;-23.68
43341;5.43;-1.93;-9.87;17.29;-150.27;10.46
43446;2.15;-1.50;-12.87;15.82;-8.51;-19.63
43550;8.29;-0.72;-9.39;-32.33;249.99;-7.54
43655;8.23;-1.67;-6.56;52.07;-64.13;-27.19
43759;9.27;-1.20;-3.45;-9.40;87.43;-23.38
43864;9.37;-2.65;-2.11;0.17;-141.75;-23.68
43969;8.73;-2.63;-4.42;17.08;31.35;-9.69
44073;7.45;-2.21;-5.47;35.49;-151.22;-17.54
44178;6.94;-0.00;-6.81;-19.40;-98.98;10.89
44282;6.36;0.18;-10.06;24.51;-56.11;-13.31
44387;7.24;-3.92;-6.73;93.99;-69.97;-23.95
44491;1.70;-0.66;-8.33;-61.90;-96.03;-52.65
44596;0.09;-0.75;-9.08;35.41;-52.25;-56.37
44701;1.96;-0.36;-11.84;23.35;-74.43;-18.70
44806;-0.03;-1.70;-5.99;-34.36;-18.30;-36.73
44910;-0.37;-0.37;-13.56;-23.60;52.46;8.41
45015;1.03;0.96;-14.76;-21.38;161.31;25.20
45119;2.93;-2.01;-10.00;1.45;48.71;-1.02
45223;3.44;0.08;-10.53;-1.53;29.54;-1.27
45328;3.76;0.09;-9.44;-2.95;-50.81;-1.30
45432;3.49;0.05;-10.34;-1.60;44.88;-0.71
45538;4.17;0.11;-9.95;-3.27;-37.58;16.10
45642;2.05;-0.53;-10.09;8.71;-26.44;56.11
45747;1.96;-0.38;-11.05;-2.88;-6.29;-12.47
45851;0.38;0.44;-11.22;4.49;10.02;-50.61
45956;2.55;0.12;-10.91;-3.29;-28.04;-1.04
46060;2.27;0.08;-10.39;-2.30;2.11;-1.20
46164;2.34;0.04;-10.56;-2.05;2.27;-1.19
46269;2.36;0.03;-10.63;-2.22;0.43;-1.21
46373;2.34;0.02;-10.63;-2.25;-0.28;-1.12
46478;2.37;0.08;-10.66;-2.35;-0.53;-1.17
46582;2.30;0.00;-10.62;-2.33;-0.08;-1.21
46687;2.37;0.05;-10.60;-2.18;-0.01;-1.18
46791;2.33;0.07;-10.57;-2.20;-0.50;-1.17
46896;2.28;0.05;-10.59;-1.98;-0.20;-1.06
47000;2.25;0.04;-10.59;-2.16;-1.30;-1.25
47105;2.31;0.04;-10.59;-2.17;-0.30;-1.27
47209;2.29;0.08;-10.53;-2.01;-0.32;-1.17
47313;2.27;0.00;-10.62;-2.14;-0.39;-1.05
47418;2.26;0.03;-10.63;-1.98;-0.72;-1.07
47522;2.26;0.03;-10.63;-2.15;-0.56;-1.14
47627;2.27;-0.03;-10.61;-2.07;-0.60;-1.14
47731;2.27;0.07;-10.63;-2.16;-0.10;-1.02
47836;2.28;0.06;-10.56;-2.41;-0.13;-1.07
47940;1.40;0.25;-11.21;3.43;-91.45;34.81
48046;1.73;-0.44;-9.87;20.77;-73.87;-7.04
48150;-1.58;-0.15;-11.21;-0.91;-7.23;-39.38
48254;1.48;0.16;-10.52;-6.95;4.58;-39.54
48359;0.76;0.28;-9.60;-7.87;-9.77;43.88
48463;0.27;-0.03;-10.83;-2.24;-0.66;-1.08
48568;0.02;0.02;-10.65;-4.43;14.72;-1.24
48672;0.43;0.08;-10.93;-2.04;0.31;-1.05
48777;0.36;0.01;-10.87;-2.15;-0.21;-1.11
48881;0.38;0.11;-10.76;-2.27;-0.05;-1.27
48986;0.35;0.04;-10.96;-2.15;0.21;-1.00
49090;1.35;0.50;-11.11;20.05;0.21;-5.68
49195;0.64;-0.35;-10.81;12.27;2.68;-27.04
49299;-0.65;-0.53;-11.02;10.67;-0.72;0.26
49403;0.01;-0.59;-10.93;1.56;-0.14;-7.91
49508;0.23;-0.75;-10.82;5.50;1.11;-2.75
49612;0.31;-0.86;-10.53;-5.66;-0.24;-0.95
49717;0.22;-0.76;-10.91;-4.35;-0.36;-7.87
49822;1.06;-0.14;-10.75;7.45;-2.79;-18.96
49927;0.51;-0.88;-10.62;0.85;-0.36;1.53
50031;0.59;-0.86;-10.60;-14.96;0.11;3.20
50136;0.49;-0.58;-10.71;-15.88;-0.05;7.35
50240;0.29;-0.33;-11.02;-19.26;-0.59;6.57
50344;-0.18;-0.20;-10.95;-15.72;-0.08;-1.43
50449;0.16;0.12;-10.25;-2.11;-1.83;-0.98
50553;0.37;0.15;-10.78;-2.23;0.62;-1.01
50658;0.36;0.13;-10.99;-2.15;0.82;-1.08
50762;0.37;0.10;-10.84;-2.32;0.04;-1.11
50867;0.30;0.22;-10.79;-2.12;-0.02;-1.03
50971;0.39;0.17;-10.88;-2.15;0.06;-1.11
51076;0.45;0.14;-10.80;-2.21;0.06;-1.08
51180;0.29;0.16;-10.82;-2.09;-0.16;-1.21
51284;0.33;0.15;-10.91;-2.31;0.16;-1.08
51389;0.35;0.12;-10.74;-2.13;0.16;-1.14
51493;0.36;0.13;-10.73;-2.15;0.02;-0.95
51598;0.31;0.19;-10.70;-2.19;-0.19;-1.18
51702;0.35;0.07;-10.90;-1.98;-0.08;-1.20
51807;0.37;0.13;-10.88;-2.14;-0.10;-1.05
51911;0.29;0.16;-10.84;-2.23;-0.14;-1.05
52016;0.17;0.05;-10.74;-2.56;-1.35;-1.30
52120;0.31;0.18;-10.69;-1.85;4.75;-1.08
52225;0.26;0.13;-10.79;-2.24;-1.10;-1.01
52329;0.24;0.12;-10.72;-2.54;-2.98;-0.99
52433;-1.64;0.41;-11.18;-2.97;-0.39;18.46
52538;0.34;0.17;-10.77;-1.94;1.35;-0.82
52642;0.29;0.26;-10.60;-2.17;-0.13;-1.09
52748;0.32;0.13;-10.84;-2.06;0.22;-1.05
52852;0.82;0.05;-10.42;-0.96;6.33;-2.43
52957;0.30;0.16;-10.82;-2.19;0.03;-0.93
53061;0.39;0.11;-10.88;-2.14;-0.14;-1.04
53166;0.31;0.20;-10.65;-2.29;-2.14;-0.91
53270;0.29;0.12;-10.88;-2.27;-0.27;-1.01
53374;0.29;0.09;-10.82;-2.12;0.21;-0.96
53479;0.24;0.13;-10.86;-2.08;-0.14;-1.00
53583;0.30;0.09;-10.79;-2.22;-0.06;-0.95
53688;0.36;0.14;-10.83;-2.14;-0.15;-0.95
53792;0.29;0.14;-10.96;-2.13;0.69;-0.95
53897;0.35;0.12;-10.79;-2.27;-0.15;-0.79
54001;0.31;0.17;-10.84;-2.01;0.11;-1.20
54106;0.33;0.13;-10.88;-2.29;0.10;-0.95
54210;0.33;0.14;-10.86;-2.26;0.08;-0.84
54315;0.28;0.17;-10.80;-2.09;0.22;-0.99
54419;0.29;0.12;-10.91;-2.07;0.12;-1.08
54523;0.25;0.15;-10.80;-2.03;0.22;-0.98
54628;0.32;0.11;-10.73;-2.16;-0.08;-1.09
54732;0.29;0.13;-10.78;-2.15;0.03;-1.13
54837;0.38;0.12;-10.70;-2.07;0.03;-0.92
54941;0.25;0.15;-10.86;-2.18;0.05;-1.14
55046;0.35;0.11;-10.84;-2.24;0.05;-0.95
55150;0.30;0.12;-10.84;-2.14;0.08;-0.92
55255;0.30;0.16;-10.92;-2.11;0.00;-1.01
55359;0.31;0.11;-10.88;-2.24;-0.07;-0.95
55463;0.28;0.13;-10.80;-2.03;0.01;-1.05
55568;0.26;0.08;-10.85;-2.20;0.17;-1.14
55672;0.32;0.13;-10.74;-2.27;0.14;-0.96
55777;0.34;0.07;-10.82;-2.18;0.02;-0.99
55881;0.25;0.20;-10.81;-2.13;0.13;-1.15
55986;0.28;0.18;-10.88;-2.18;0.11;-0.92
56090;0.31;0.10;-10.81;-2.04;-0.02;-1.17
56195;0.30;0.07;-10.89;-2.12;0.02;-0.98
56299;0.32;0.11;-10.92;-2.14;0.14;-0.86
56403;0.33;0.07;-10.87;-2.12;0.18;-0.96
56508;0.36;0.13;-10.80;-1.99;0.00;-0.98
56612;0.29;0.11;-10.91;-2.10;0.08;-0.98
56717;0.31;0.10;-10.81;-2.31;0.00;-1.07
56821;0.28;0.11;-10.81;-2.12;0.21;-1.14
56926;0.32;0.13;-10.84;-2.07;0.01;-0.95
57030;0.29;0.08;-10.78;-2.25;0.24;-0.97
57135;0.29;0.14;-10.81;-2.21;0.02;-0.99
57239;0.34;0.14;-10.82;-2.24;0.16;-0.98
57344;0.31;0.12;-10.84;-2.22;-0.04;-0.89
57448;0.30;0.07;-10.77;-2.11;0.26;-0.95
57552;0.27;0.14;-10.89;-2.23;-0.02;-0.95
57657;0.30;0.11;-10.73;-2.15;-0.14;-1.05
57761;0.28;0.15;-10.74;-2.20;-0.03;-1.09
57866;0.22;0.16;-10.85;-2.13;0.17;-0.94
57970;0.32;0.17;-10.84;-2.20;0.02;-1.28
58075;0.30;0.15;-10.78;-2.10;0.02;-0.97
58179;0.35;0.17;-10.81;-2.22;0.10;-0.98
58284;0.34;0.14;-10.83;-2.23;-0.03;-1.01
58388;0.26;0.14;-10.84;-2.21;0.10;-1.17
58492;0.28;0.12;-10.72;-2.31;0.11;-1.15
58597;0.26;0.07;-10.79;-2.06;0.12;-1.09
58701;0.30;0.08;-10.86;-2.30;0.01;-1.04
58806;0.33;0.14;-10.84;-2.21;0.22;-0.98
58910;0.29;0.11;-10.88;-2.16;-0.07;-1.01
59015;0.28;0.18;-10.74;-2.13;-0.11;-1.23
59119;0.30;0.12;-10.80;-2.17;0.19;-1.05
59224;0.31;0.11;-10.87;-2.17;-0.06;-1.18
59328;0.27;0.15;-10.89;-2.07;0.01;-1.05
59432;0.32;0.11;-10.86;-2.12;0.03;-1.07
59537;0.28;0.12;-10.80;-2.07;0.05;-1.08
59641;0.31;0.10;-10.89;-2.12;0.04;-1.05
59746;0.34;0.10;-10.76;-2.27;0.18;-0.72
59850;0.29;0.17;-10.77;-2.17;0.09;-0.98
59955;0.36;0.10;-10.80;-2.22;0.01;-0.95
60059;0.26;0.14;-10.70;-2.14;0.08;-0.98
60164;0.30;0.13;-10.76;-2.08;-0.10;-0.89
60268;0.30;0.19;-10.87;-2.39;0.03;-1.05
60372;0.26;0.13;-10.84;-2.04;0.08;-1.00
60477;0.37;0.17;-10.85;-2.04;0.10;-1.01
60581;0.33;0.12;-10.84;-2.00;0.17;-1.07
60686;0.31;0.16;-10.83;-2.29;0.08;-1.06
60790;0.30;0.12;-10.78;-2.09;0.00;-0.92
60895;0.31;0.13;-10.83;-2.11;0.02;-0.95
60999;0.35;0.14;-10.80;-2.14;0.00;-1.07
61104;0.28;0.17;-10.87;-2.06;0.11;-1.14
61208;0.32;0.12;-10.83;-2.19;-0.11;-0.77
61313;0.31;0.14;-10.78;-2.25;0.13;-1.00
61417;0.27;0.14;-10.86;-2.16;0.01;-1.02
61521;0.32;0.12;-10.93;-2.26;-0.14;-1.10
61626;0.28;0.08;-10.87;-2.02;0.17;-1.03
61730;0.30;0.13;-10.82;-2.17;0.08;-0.99
61835;0.25;0.15;-10.79;-2.04;0.05;-0.92
61939;0.26;0.09;-10.84;-2.04;0.00;-1.12
62044;0.27;0.08;-10.95;-2.27;0.07;-0.98
62148;0.33;0.14;-10.81;-2.08;-0.14;-1.05
62253;0.25;0.16;-10.89;-2.19;0.01;-1.01
62357;0.29;0.14;-10.84;-1.99;-0.18;-1.13
62461;0.33;0.18;-10.79;-1.98;0.24;-1.02
62566;0.33;0.12;-10.83;-2.14;0.01;-0.95
62670;0.31;0.13;-10.76;-2.08;-0.08;-0.82
62776;0.34;0.13;-10.93;-2.17;0.01;-0.95
62880;0.27;0.11;-10.81;-2.25;0.02;-0.95
62985;0.26;0.15;-10.81;-2.24;-0.07;-0.95
63089;0.32;0.17;-10.89;-2.14;0.02;-0.98
63194;0.36;0.09;-10.82;-2.24;0.17;-1.11
63298;0.28;0.18;-10.84;-2.06;0.08;-1.09
63403;0.30;0.14;-10.82;-2.20;0.08;-1.14
63507;0.35;0.13;-10.84;-2.25;0.10;-1.00
63611;0.34;0.20;-10.87;-2.05;0.09;-0.99
63716;0.41;0.12;-10.82;-2.16;0.09;-1.05
63820;0.27;0.13;-10.82;-2.24;-0.07;-1.08
63925;0.26;0.12;-10.86;-2.29;0.05;-0.98
64029;0.34;0.10;-10.80;-2.08;-0.04;-1.03
64134;0.27;0.12;-10.86;-2.18;0.05;-0.94
64238;0.35;0.14;-10.76;-2.15;-0.12;-0.98
64343;0.23;0.19;-10.88;-2.29;0.03;-1.00
64447;0.28;0.08;-10.74;-2.17;-0.05;-1.06
64551;0.38;0.14;-10.81;-2.25;0.02;-0.99
64656;0.30;0.10;-10.85;-2.19;-0.12;-0.85
64760;0.34;0.10;-10.81;-2.30;0.11;-0.91
64865;0.34;0.17;-10.79;-2.09;0.21;-0.93
64969;0.32;0.10;-10.84;-2.10;0.04;-1.10
65074;0.33;0.09;-10.83;-2.25;0.11;-1.08
65178;0.33;0.13;-10.80;-2.18;0.08;-0.95
65283;0.27;0.18;-10.91;-2.20;-0.11;-0.93
65387;0.30;0.18;-10.79;-2.01;-0.02;-0.99
65491;0.30;0.17;-10.86;-2.11;0.22;-0.85
65596;0.33;0.11;-10.83;-1.97;0.00;-1.01
65700;0.26;0.12;-10.82;-2.01;0.14;-0.94
65805;0.29;0.13;-10.75;-2.24;0.12;-1.02
65909;0.32;0.13;-10.85;-2.19;-0.08;-0.98
66014;0.33;0.13;-10.80;-2.03;0.14;-0.89
66118;0.27;0.11;-10.79;-2.11;0.24;-1.08
66223;0.26;0.14;-10.96;-2.12;0.00;-0.98
66327;0.29;0.15;-10.87;-2.17;-0.16;-1.01
66432;0.26;0.11;-10.76;-2.07;0.18;-0.95
66536;0.33;0.13;-10.82;-2.02;-0.02;-1.05
66640;0.28;0.10;-10.82;-2.08;0.03;-0.96
66745;0.34;0.11;-10.84;-2.10;-0.08;-0.86
66849;0.32;0.18;-10.79;-2.24;-0.11;-1.01
66954;0.31;0.13;-10.79;-2.18;0.03;-1.05
67058;0.28;0.16;-10.77;-2.20;0.01;-0.94
67163;0.29;0.13;-10.81;-2.01;0.11;-1.06
67267;0.31;0.14;-10.93;-2.20;0.02;-0.98
67372;0.30;0.08;-10.86;-2.27;0.13;-1.02
67476;0.24;0.15;-10.88;-2.03;0.02;-1.09
67580;0.30;0.10;-10.79;-2.14;0.02;-1.05
67685;0.26;0.16;-10.73;-2.24;0.05;-0.89
67789;0.29;0.13;-10.84;-2.20;0.18;-0.94
67894;0.34;0.13;-10.81;-2.20;0.15;-1.03
67998;0.36;0.09;-10.87;-2.19;0.07;-1.01
68103;0.33;0.10;-10.80;-2.07;0.16;-1.09
68207;0.20;0.11;-10.80;-2.05;0.13;-1.06
68312;0.25;0.15;-10.80;-2.17;0.20;-0.98
68416;0.29;0.11;-10.88;-2.24;-0.17;-0.98
68520;0.31;0.10;-10.86;-2.14;0.02;-1.01
68625;0.26;0.15;-10.69;-2.11;-0.12;-1.07
68729;0.27;0.08;-10.88;-2.24;-0.11;-0.94
68834;0.27;0.12;-10.84;-2.24;0.10;-0.97
68938;0.29;0.16;-10.77;-2.17;-0.20;-0.94
69043;0.33;0.18;-10.82;-2.01;0.06;-1.05
69147;0.29;0.15;-10.83;-2.20;0.10;-1.05
69252;0.28;0.11;-10.81;-2.13;0.00;-0.95
69356;0.29;0.11;-10.83;-2.23;-0.09;-1.06
69460;0.26;0.17;-10.90;-2.08;0.11;-0.85
69565;0.29;0.11;-10.85;-1.99;0.06;-1.08
69669;0.28;0.12;-10.76;-2.02;-0.06;-0.96
69774;0.27;0.11;-10.83;-2.15;0.00;-1.04
69878;0.30;0.14;-10.78;-2.12;-0.02;-0.96
69983;0.25;0.13;-10.88;-2.30;0.08;-0.82
70087;0.33;0.13;-10.89;-2.27;-0.03;-1.01
70192;0.27;0.15;-10.79;-2.19;0.07;-1.06
70296;0.32;0.14;-10.76;-2.24;0.15;-0.91
70401;0.25;0.07;-10.82;-2.02;-0.01;-0.87
70505;0.32;0.12;-10.87;-2.00;0.06;-0.83
70609;0.33;0.06;-10.85;-2.20;0.13;-1.04
70714;0.35;0.09;-10.76;-2.10;0.03;-0.95
70818;0.22;0.14;-10.80;-2.14;0.24;-0.84
70923;0.34;0.12;-10.82;-2.17;-0.03;-1.04
71027;0.29;0.17;-10.78;-2.16;0.02;-1.06
71132;0.30;0.15;-10.82;-2.22;0.11;-1.05
71236;0.37;0.12;-10.78;-2.21;-0.03;-0.95
71341;0.28;0.12;-10.81;-2.09;-0.07;-0.92
71445;0.34;0.13;-10.81;-2.16;0.18;-0.95
71549;0.30;0.14;-10.77;-2.19;-0.02;-0.91
71654;0.29;0.12;-10.87;-2.10;-0.08;-1.08
71758;0.30;0.14;-10.83;-2.36;-0.09;-0.95
71863;0.35;0.11;-10.79;-2.23;0.13;-1.01
71967;0.29;0.08;-10.86;-1.99;0.05;-0.92
72072;0.28;0.12;-10.89;-2.13;0.40;-0.98
72176;0.24;0.20;-10.83;-2.28;-0.98;-1.04
72281;0.33;0.10;-10.79;-1.97;1.05;-0.98
72385;0.36;0.17;-11.02;-1.88;1.95;-1.04
72489;0.36;0.02;-10.80;-2.20;-0.27;-0.98
72594;0.27;0.13;-10.92;-2.16;-0.15;-1.21
72698;0.31;0.14;-10.78;-2.20;-0.01;-1.12
72803;0.30;0.14;-10.91;-2.27;-0.02;-1.17
72907;0.34;0.13;-10.86;-1.88;0.08;-0.98
73012;0.34;0.09;-10.79;-2.26;0.04;-1.05
73116;0.34;0.11;-10.76;-2.18;-0.04;-1.11
73221;0.86;0.11;-11.91;-1.95;0.99;-1.84
73325;0.29;0.10;-10.87;-2.25;-0.43;-1.28
73430;0.08;0.07;-10.87;-1.89;2.20;-4.65
73534;1.02;-0.01;-11.61;-2.02;29.89;-0.66
73638;0.54;-0.05;-11.08;-1.20;-4.02;-8.61
73743;1.38;0.17;-9.89;-1.85;-73.04;-9.36
73848;0.30;0.12;-12.09;-0.19;15.30;2.20
73953;0.36;0.13;-10.84;-2.01;0.28;-1.09
74057;0.37;0.07;-10.80;-2.18;-0.05;-1.18
74162;0.35;0.10;-10.92;-2.10;0.08;-0.95
74266;0.32;0.12;-10.86;-2.22;0.08;-1.13
74371;0.41;0.13;-10.86;-2.11;-0.21;-1.18
74475;0.34;0.09;-10.87;-2.27;-0.08;-0.94
74579;0.35;0.20;-10.77;-2.07;0.08;-1.00
74684;0.36;0.13;-10.75;-2.10;0.02;-1.23
74788;0.39;0.15;-10.85;-2.20;0.14;-1.23
74893;0.37;0.12;-10.88;-2.09;0.14;-1.22
74997;0.37;0.15;-10.76;-2.18;0.01;-1.22
75102;0.34;0.09;-10.98;-1.95;0.18;-1.15
75206;0.41;0.17;-12.07;2.69;34.59;-1.69
75311;0.69;0.55;-10.35;-2.42;-8.54;2.19
75415;-0.60;-2.54;-11.30;-2.16;4.26;-15.32
75520;5.06;0.23;-11.40;5.64;55.81;-40.08
75624;1.75;-0.59;-10.23;61.69;85.58;-70.18
75728;6.05;-0.74;-8.00;78.00;95.04;-62.60
75833;4.70;-2.91;-7.98;36.44;120.12;-64.48
75938;8.26;-0.94;-6.40;48.72;99.85;-74.15
76043;9.99;-0.66;-2.38;67.15;170.06;-48.14
76147;8.37;0.32;-0.94;46.30;91.21;-29.05
76252;10.62;1.09;1.84;41.90;178.44;5.98
76356;7.89;0.95;4.50;43.41;105.26;3.52
76461;7.02;-0.29;6.79;34.43;113.49;22.91
76565;4.83;0.05;7.37;-9.53;155.76;43.51
76670;3.30;-0.27;7.76;10.80;66.12;15.34
76775;2.89;-0.12;8.08;2.95;27.25;12.87
76879;2.54;0.05;8.32;-1.37;26.99;-1.46
76984;2.94;0.12;9.37;-8.29;11.26;10.38
77088;1.98;0.50;8.95;-6.57;-0.85;9.22
77193;1.69;0.09;9.30;-2.16;16.68;-5.87
77297;1.97;-0.53;8.99;3.02;5.09;7.23
77402;2.38;-0.22;9.53;1.99;10.33;5.21
77506;2.45;-0.22;9.55;7.74;22.91;-1.18
77611;1.73;0.09;8.74;5.65;36.71;-10.83
77715;1.30;-0.20;8.37;4.07;24.02;3.31
77819;1.13;0.18;8.77;-3.52;11.60;3.07
77924;0.94;0.46;8.91;-1.52;16.48;2.38
78028;0.41;0.17;9.45;3.94;33.64;0.23
78133;0.16;0.18;9.43;-5.86;4.26;0.74
78237;0.82;0.42;10.17;1.85;-90.47;21.40
78342;1.73;0.38;8.87;17.88;-73.46;10.86
78446;3.48;0.75;8.18;15.65;-43.83;12.36
78551;5.12;1.38;7.24;1.87;-185.25;23.50
78655;8.45;0.29;4.50;-7.21;-225.47;40.22
78759;8.19;-0.12;2.05;4.46;-215.58;-7.02
78865;9.86;-0.19;0.82;8.50;-67.47;14.24
78969;9.21;0.03;0.45;12.92;-25.10;-7.77
79074;10.02;0.42;0.25;26.44;-69.12;1.45
79178;9.67;-0.17;-0.12;2.37;3.46;-0.90
79283;10.38;-0.30;-1.27;-11.87;34.97;-3.60
79387;9.86;-0.19;-0.02;11.83;-17.22;0.34
79492;9.85;0.42;0.43;-12.40;37.96;-1.88
79596;9.75;0.60;0.34;-21.53;14.44;-3.10
79700;9.92;0.08;0.09;-2.23;1.17;-1.23
79805;9.86;0.13;0.24;-7.78;12.09;-1.67
79909;9.79;0.07;0.41;-2.20;-0.11;-1.04
80014;9.94;0.16;0.27;-2.50;4.11;-1.09
80118;9.85;0.19;0.27;-2.37;3.14;-1.27
80223;9.98;0.05;0.34;-3.51;6.92;-1.24
80327;9.90;0.11;0.14;-2.45;-2.53;-1.04
80432;9.83;0.39;0.42;-2.44;3.17;-1.07
80536;10.01;0.10;0.02;-2.08;1.89;-1.07
80641;9.73;0.17;0.71;-2.03;2.47;-1.04
80745;9.79;-0.27;0.68;-6.30;14.41;-1.64
80849;9.99;0.17;0.47;-2.31;0.12;-1.17
80954;9.94;0.15;0.48;-1.91;-5.34;-1.14
81058;9.95;-0.11;0.42;-2.21;1.87;-1.36
81163;9.91;-0.09;0.82;-2.32;1.25;-1.00
81267;9.86;0.18;0.70;-2.22;0.33;-1.22
81372;9.88;0.13;0.62;-2.38;-2.27;-1.07
81476;10.06;0.22;0.03;-2.27;-4.88;-1.28
81581;9.93;0.09;0.34;-2.12;-3.52;-1.08
81685;10.00;0.07;0.21;-2.15;1.22;-1.05
81789;9.94;0.05;0.18;-2.08;-11.70;-1.13
81894;9.73;0.06;0.55;-1.98;-4.42;-1.14
81998;9.48;0.13;1.37;4.13;-13.38;-0.55
82103;9.92;0.09;0.22;-2.53;0.07;-1.11
82207;9.85;0.02;0.07;-2.63;0.76;-1.30
82312;9.89;0.11;-0.01;-2.03;-0.96;-0.97
82416;10.00;0.11;-0.14;-2.17;-0.72;-1.14
82521;9.89;0.07;0.03;-2.42;1.27;-1.06
82625;10.00;-0.08;-0.15;-4.62;-25.96;-1.21
82729;9.31;1.46;3.77;-6.43;12.57;-1.30
82834;9.93;0.24;-0.65;-2.01;-3.78;-1.42
82938;9.81;0.08;-0.47;-1.71;-3.50;-1.27
83043;9.80;0.12;-0.27;-1.71;-2.98;-1.06
83147;9.79;0.07;-0.33;-3.39;7.36;-1.14
83252;9.90;0.06;-0.65;-1.54;-4.65;-1.11
83356;9.97;0.17;-0.82;-1.97;-1.05;-0.97
83461;10.00;-0.30;-0.67;-2.82;5.21;-1.16
83565;9.98;0.13;-0.57;-1.95;-3.30;-1.33
83670;9.87;0.04;-0.42;-2.29;-6.87;-0.71
83774;9.96;0.12;-0.60;-2.11;-0.31;-1.01
83878;9.98;0.11;-0.69;-1.97;0.14;-1.05
83983;9.93;0.09;-0.61;-1.85;-1.08;-1.06
84086;9.91;0.07;-0.52;0.54;-1.02;-0.76
84191;9.91;0.05;-0.64;-2.10;0.05;-1.25
84295;9.95;0.11;-0.68;-2.09;-0.06;-1.16
84400;9.70;-0.15;0.12;-3.23;-0.52;-1.04
84504;9.94;0.11;-0.62;-2.33;0.62;-1.25
84609;10.00;0.16;-0.58;-2.62;-0.03;-1.03
84713;9.97;0.11;-0.65;-1.92;-0.08;-1.01
84817;10.00;0.12;-0.64;-2.65;0.73;-1.03
84922;9.96;0.11;-0.74;-3.28;0.41;-1.01
85026;9.96;0.14;-0.62;-2.14;0.05;-1.13
85131;9.90;0.12;-0.67;-2.16;-0.08;-1.14
85235;9.91;0.12;-0.63;-1.97;0.14;-1.08
85340;9.93;0.06;-0.64;-2.18;0.03;-1.08
85444;9.95;0.06;-0.63;-2.38;0.12;-1.01
85549;9.89;0.17;-0.52;-2.20;-0.28;-1.16
85653;9.94;0.11;-0.64;-2.22;-0.04;-1.09
85757;9.95;0.10;-0.60;-2.34;0.29;-1.19
85862;9.95;0.14;-0.70;-1.99;0.14;-1.10
85966;9.90;0.14;-0.57;-2.24;-0.13;-1.06
86071;9.97;0.11;-0.58;-2.15;-0.07;-0.96
86175;9.88;0.06;-0.63;-2.27;-0.07;-1.21
86280;9.96;0.11;-0.55;-2.18;-0.02;-1.05
86384;9.92;0.08;-0.56;-2.29;0.03;-1.13
86489;9.97;0.06;-0.62;-2.24;0.08;-1.21
86593;9.95;0.12;-0.54;-2.11;-0.08;-1.01
86697;9.94;0.09;-0.54;-1.98;-0.02;-1.21
86802;9.94;0.09;-0.61;-2.25;0.14;-1.22
86906;9.95;0.06;-0.63;-2.15;0.05;-1.29
87011;9.95;0.07;-0.63;-2.40;0.07;-1.17
87115;9.97;0.08;-0.63;-2.07;-0.01;-1.09
87220;9.99;0.09;-0.62;-2.14;0.00;-0.98
87324;9.95;0.09;-0.53;-2.28;0.10;-1.24
87429;9.92;0.10;-0.63;-2.30;-0.16;-1.04
87532;9.93;0.12;-0.63;-2.30;0.08;-1.11
87636;10.00;0.09;-0.69;-2.00;0.04;-0.99
87741;9.89;0.11;-0.65;-2.21;-0.05;-1.30
87845;9.92;0.11;-0.67;-2.04;0.22;-1.02
87950;9.92;0.10;-0.57;-2.15;0.02;-1.21
88054;9.96;0.13;-0.65;-2.08;-0.06;-1.16
88159;9.98;0.08;-0.58;-2.24;0.00;-1.17
88263;9.84;0.06;-0.60;-1.98;0.08;-1.21
88368;10.03;0.11;-0.61;-2.23;0.02;-1.08
88472;9.93;0.08;-0.67;-2.27;0.07;-0.96
88577;9.83;0.15;-0.56;-2.12;0.22;-1.14
88681;9.95;0.13;-0.61;-1.91;-0.14;-1.07
88785;9.92;0.16;-0.52;-1.96;-1.31;-0.95
88890;9.98;0.14;-0.61;-1.95;-1.82;-1.08
88994;9.95;0.09;-0.65;-2.33;0.11;-1.06
89099;10.01;0.16;-0.65;-2.46;1.27;-1.22
89203;9.93;0.08;-0.63;-2.24;0.13;-1.14
89308;9.92;0.06;-0.65;-2.04;0.23;-1.10
89412;9.91;0.04;-0.62;-2.33;-0.03;-1.10
89517;9.97;0.11;-0.59;-2.20;0.24;-1.03
89621;9.91;0.08;-0.72;-2.13;0.05;-1.08
89725;9.97;0.07;-0.60;-2.13;0.04;-1.00
89830;9.97;0.09;-0.66;-1.96;0.17;-1.08
89934;10.00;0.12;-0.56;-2.23;0.02;-1.04
90039;9.96;0.10;-0.57;-2.23;0.02;-1.24
90143;9.97;0.07;-0.61;-2.17;0.05;-1.13
90248;9.95;0.09;-0.62;-2.13;0.08;-1.01
90352;9.90;0.06;-0.67;-2.27;-0.01;-1.24
90457;9.94;0.09;-0.69;-2.12;0.07;-1.19
90561;9.97;0.11;-0.60;-2.26;-0.04;-0.94
90665;10.01;0.09;-0.74;-2.19;0.04;-1.06
90770;10.01;0.07;-0.63;-2.21;-0.11;-1.08
90874;9.91;0.07;-0.69;-2.15;0.13;-1.11
90979;9.92;0.01;-0.62;-2.12;0.06;-0.96
91083;9.95;0.11;-0.69;-2.28;-0.08;-0.97
91188;9.93;0.10;-0.61;-2.06;0.05;-1.18
91292;9.95;0.11;-0.63;-2.13;-0.05;-1.17
91397;9.98;0.09;-0.64;-2.16;-0.02;-1.08
91501;9.92;0.07;-0.72;-2.14;0.02;-1.01
91604;10.03;0.13;-0.59;-2.12;-0.05;-0.98
91709;9.91;0.12;-0.67;-2.04;0.06;-1.18
91813;9.97;0.12;-0.66;-2.29;0.05;-1.11
91918;9.96;0.07;-0.66;-2.20;0.04;-0.98
92022;9.95;0.14;-0.65;-2.21;-0.02;-1.23
92127;9.89;0.14;-0.73;-2.17;0.14;-1.11
92231;9.90;0.06;-0.62;-2.12;0.08;-1.15
92336;9.96;0.12;-0.56;-2.13;-0.07;-1.17
92440;10.05;0.09;-0.59;-2.09;-0.20;-1.32
92545;9.88;0.09;-0.64;-2.22;0.02;-1.04
92649;9.90;0.11;-0.61;-2.20;-0.07;-0.95
92753;9.98;0.12;-0.63;-2.08;0.17;-1.31
92858;9.98;0.07;-0.71;-2.15;0.18;-1.17
92962;9.91;0.05;-0.63;-2.24;-0.07;-1.20
93067;9.96;0.16;-0.67;-2.20;0.02;-1.06
93171;9.97;0.08;-0.65;-2.15;-0.08;-1.04
93276;10.02;0.08;-0.69;-2.20;0.09;-1.11
93380;9.95;0.05;-0.66;-2.05;0.00;-1.04
93485;9.93;0.12;-0.56;-2.29;-0.18;-1.05
93589;9.94;0.05;-0.61;-2.23;0.05;-1.11
93693;9.94;0.10;-0.53;-2.12;0.14;-1.14
93798;9.94;0.06;-0.57;-2.19;0.16;-1.21
93902;9.93;0.11;-0.58;-2.30;0.18;-1.11
94007;9.91;0.12;-0.60;-2.09;0.32;-1.10
94111;9.95;0.09;-0.63;-2.21;-0.15;-1.04
94216;9.93;0.04;-0.62;-2.24;0.04;-1.05
94320;10.04;0.11;-0.58;-2.14;-0.06;-1.17
94425;10.00;0.06;-0.70;-2.13;-0.02;-1.10
94529;9.93;0.14;-0.63;-2.19;-0.17;-1.23
94633;9.91;0.05;-0.58;-1.99;0.02;-1.13
94738;9.94;0.11;-0.63;-2.13;0.07;-1.12
94842;9.94;0.13;-0.66;-2.02;0.05;-1.17
94947;9.97;0.15;-0.66;-2.08;0.06;-1.03
95051;9.92;0.09;-0.64;-2.25;-0.05;-1.05
95156;9.93;0.11;-0.71;-2.33;-0.05;-0.99
95260;9.97;0.11;-0.71;-2.20;-0.02;-1.05
95365;9.90;0.08;-0.65;-2.32;0.02;-1.06
95468;9.96;0.12;-0.62;-2.21;0.12;-1.10
95572;9.99;0.14;-0.76;-2.00;0.15;-1.10
95677;9.91;0.09;-0.59;-2.20;-0.06;-1.08
95781;10.00;0.10;-0.72;-2.21;0.10;-1.07
95886;9.92;0.11;-0.61;-2.18;0.03;-1.11
95990;9.94;0.09;-0.57;-2.17;0.10;-1.25
96095;10.02;0.13;-0.60;-2.27;0.03;-1.24
96199;9.98;0.09;-0.59;-2.22;0.03;-1.06
96304;9.96;0.06;-0.64;-2.03;-0.10;-1.12
96408;10.02;0.11;-0.60;-2.27;-0.02;-1.14
96513;9.92;0.09;-0.62;-2.03;-0.08;-1.04
96617;9.96;0.09;-0.68;-2.24;0.12;-1.32
96721;9.94;0.11;-0.68;-2.27;-0.08;-1.29
96826;9.89;0.12;-0.67;-2.18;-0.01;-1.13
96930;9.89;0.14;-0.55;-2.40;-0.05;-1.05
97035;9.92;0.10;-0.70;-1.95;0.00;-1.18
97139;9.93;0.12;-0.65;-2.04;-0.06;-1.22
97244;9.88;0.05;-0.64;-2.28;-0.03;-1.05
97348;9.94;0.11;-0.62;-2.21;0.03;-1.01
97453;9.92;0.08;-0.64;-2.29;0.03;-1.22
97557;9.97;0.06;-0.61;-2.02;-0.08;-1.16
97661;9.89;0.07;-0.64;-2.12;0.01;-1.08
97766;9.97;0.09;-0.60;-2.25;-0.08;-1.04
97870;9.94;0.12;-0.55;-2.21;0.05;-0.98
97975;9.91;0.05;-0.66;-2.07;0.07;-1.05
98079;9.97;0.12;-0.60;-2.13;0.15;-1.13
98184;9.90;0.09;-0.60;-2.14;0.14;-1.09
98288;9.94;0.09;-0.69;-1.93;0.02;-1.05
98393;9.90;0.12;-0.61;-2.17;0.08;-1.11
98497;9.94;0.17;-0.63;-2.24;-0.01;-1.00
98601;9.92;0.14;-0.60;-2.22;-0.21;-1.09
98706;9.95;0.10;-0.64;-2.08;0.11;-1.05
98810;10.02;0.12;-0.63;-2.14;0.20;-1.05
98915;9.89;0.15;-0.62;-2.21;0.13;-1.27
99019;9.98;0.09;-0.72;-2.07;-0.05;-1.14
99123;9.88;0.11;-0.58;-2.11;0.11;-1.21
99227;9.93;0.07;-0.55;-2.12;0.08;-0.98
99332;9.98;0.11;-0.64;-2.28;0.05;-1.31
99436;9.97;0.12;-0.65;-2.12;0.02;-1.05
99540;9.99;0.13;-0.64;-2.03;-0.07;-1.19
99645;9.94;0.05;-0.55;-2.08;-0.11;-1.14
99749;9.96;0.10;-0.63;-2.04;0.00;-1.04
99854;9.93;0.19;-0.67;-2.23;-0.18;-1.22
99958;9.93;0.15;-0.64;-2.24;0.02;-1.18
100063;9.90;0.14;-0.60;-2.21;-0.03;-1.13
100167;9.91;0.11;-0.57;-2.21;-0.05;-1.13
100272;9.97;0.09;-0.65;-2.24;-0.11;-1.27
100376;9.97;0.10;-0.62;-2.14;-0.02;-1.23
100481;9.93;0.08;-0.67;-2.15;0.00;-1.17
100585;9.88;0.13;-0.66;-2.30;-0.14;-0.95
100689;9.96;0.11;-0.63;-2.07;-0.01;-1.12
100794;9.92;0.13;-0.69;-2.41;0.08;-1.21
100898;9.94;0.06;-0.68;-1.99;-0.08;-0.98
101003;9.96;0.06;-0.69;-2.02;-0.11;-1.17
101107;9.96;0.10;-0.60;-2.09;0.06;-1.09
101212;10.00;0.11;-0.68;-2.08;0.13;-1.17
101316;9.95;0.09;-0.62;-2.16;-0.08;-1.17
101421;9.98;0.13;-0.77;-2.08;0.03;-1.12
101525;9.95;0.15;-0.78;-2.23;-0.01;-1.17
101629;9.96;0.08;-0.60;-2.19;0.02;-1.20
101734;9.90;0.13;-0.62;-2.08;0.14;-1.11
101838;9.91;0.08;-0.64;-2.19;-0.11;-1.14
101944;9.90;0.05;-0.64;-2.09;0.11;-1.01
102048;9.94;0.06;-0.61;-2.27;0.00;-1.08
102153;9.94;0.09;-0.69;-2.18;-0.02;-1.23
102257;9.96;0.07;-0.63;-2.42;0.14;-1.13
102362;9.94;0.06;-0.67;-2.07;-0.08;-1.14
102466;9.93;0.08;-0.72;-2.22;0.13;-0.97
102571;9.87;0.08;-0.65;-2.01;0.14;-1.17
102675;10.00;0.06;-0.49;-1.98;-0.08;-1.13
102779;9.90;0.05;-0.57;-2.29;-0.02;-1.14
102884;9.99;0.11;-0.59;-2.26;-0.05;-1.11
102988;9.96;0.12;-0.67;-2.17;0.14;-1.07
103093;9.98;0.09;-0.62;-2.37;0.00;-1.04
103197;10.33;0.38;-1.03;-21.05;1.36;-1.63
103302;10.86;-0.06;-0.31;-17.23;2.91;-1.55
103406;9.92;0.12;-0.60;-2.14;0.11;-1.24
103511;9.91;0.09;-0.50;-2.05;-0.45;-1.17
103615;10.98;0.44;-1.30;-2.25;-3.45;-9.96
103719;11.02;-0.49;-1.45;-2.37;1.80;-5.70
103824;9.26;1.09;-0.54;-2.98;-5.18;-10.67
103928;5.62;-0.31;-0.85;-5.64;-18.74;-18.81
104033;10.87;2.30;-1.01;7.24;5.26;-5.03
104137;9.76;-0.54;-0.13;-7.16;0.63;-0.12
104242;10.36;0.44;-0.69;11.07;-29.01;-29.72
104347;10.34;1.54;-1.47;15.69;-42.50;-106.95
104452;9.58;3.70;-3.36;18.06;-16.65;-165.47
104556;7.33;5.22;-2.66;27.27;-5.33;-137.31
104660;5.94;6.50;-4.16;-13.48;-78.41;-32.69
104766;3.84;7.43;-4.02;-57.26;-13.40;-61.80
104870;5.50;7.45;-4.16;26.97;7.85;-25.78
104975;5.29;8.59;-2.56;-23.95;-11.67;-5.52
105079;3.43;6.28;-6.45;-1.21;68.97;13.68
105184;2.00;8.59;-4.10;-72.76;-78.36;-54.44
105288;2.70;9.27;-2.51;22.16;1.39;-127.51
105393;0.66;9.07;-3.51;-10.66;19.86;-159.85
105498;-2.84;10.73;-1.89;-34.05;-28.07;-138.86
105603;-4.04;7.73;-2.58;23.66;13.37;-72.85
105707;-5.78;10.13;-3.00;3.55;-0.09;-67.29
105811;-4.77;6.99;-3.64;12.38;2.31;-15.75
105916;-3.95;2.71;-8.07;-45.18;-44.33;-37.03
106021;-6.43;6.86;-1.87;2.66;-33.10;-80.73
106126;-9.35;4.95;-0.64;-28.83;-9.14;-93.73
106230;-8.71;4.33;-0.93;-19.07;-19.88;-112.95
106335;-11.02;3.06;-1.14;5.76;43.15;-43.37
106439;-9.27;1.79;-1.73;3.49;-27.38;-47.19
106544;-9.12;1.68;-0.88;0.02;14.95;-12.40
106649;-10.65;0.81;-1.82;-10.05;-6.11;-0.31
106754;-9.69;1.22;-1.43;-9.66;-15.59;-11.33
106858;-9.70;0.75;-1.30;7.67;-1.91;-23.20
106962;-7.26;-0.24;-0.42;3.17;-11.12;-35.14
107067;-10.18;-0.09;-1.21;0.17;-0.07;-7.00
107171;-9.89;-0.04;-1.18;1.19;-0.08;7.74
107276;-9.37;0.37;-1.27;-7.90;1.48;2.78
107380;-8.70;0.22;-0.96;-7.77;1.37;-4.91
107485;-9.73;0.18;-1.14;-2.27;0.02;-1.15
107589;-9.78;0.06;-1.31;-9.48;1.21;-1.40
107694;-9.74;0.18;-1.11;-2.49;0.21;-0.94
107798;-9.77;0.14;-1.21;-2.02;-0.11;-1.06
107902;-9.77;0.16;-1.14;-2.15;-0.03;-1.11
108007;-9.73;0.15;-1.16;-2.33;-0.05;-1.14
108111;-9.72;0.11;-1.15;-2.20;-0.10;-1.11
108216;-9.70;0.06;-1.07;-2.35;0.37;-0.83
108321;-9.67;0.16;-1.03;-2.14;0.10;-1.10
108426;-9.77;0.16;-1.16;-2.49;0.09;-1.02
108530;-9.75;0.11;-1.13;-2.18;0.05;-1.01
108635;-9.72;0.15;-1.13;-2.27;0.06;-0.99
108739;-9.81;0.15;-1.14;-2.18;0.04;-1.20
108844;-9.79;0.17;-1.09;-2.11;0.14;-1.00
108948;-9.78;0.18;-1.11;-2.13;0.02;-1.18
109052;-9.75;0.20;-1.13;-2.34;0.34;-1.09
109157;-9.72;0.16;-1.20;-2.14;0.24;-1.04
109261;-9.70;0.14;-1.19;-2.27;0.01;-1.17
109366;-9.73;0.20;-1.18;-2.37;-0.02;-1.17
109470;-9.77;0.15;-1.20;-2.24;0.12;-1.06
109575;-9.78;0.09;-1.18;-2.20;-0.04;-1.08
109679;-9.75;0.13;-1.21;-2.19;0.07;-1.11
109784;-9.77;0.14;-1.15;-2.19;0.10;-1.19
109888;-9.73;0.14;-1.07;-2.33;-0.04;-1.24
109992;-9.78;0.16;-1.26;-2.24;-0.01;-1.03
110097;-9.73;0.14;-1.07;-2.04;-0.04;-1.15
110201;-9.82;0.17;-1.15;-2.16;0.15;-1.07
110306;-9.70;0.19;-1.16;-2.29;-0.11;-0.99
110410;-9.78;0.11;-1.23;-2.18;0.12;-1.04
110515;-9.73;0.17;-1.12;-2.17;-0.06;-1.21
110619;-9.77;0.15;-1.15;-2.21;0.12;-1.10
110724;-9.68;0.18;-1.20;-2.26;-0.16;-1.06
110828;-9.77;0.20;-1.15;-2.21;0.08;-1.17
110932;-9.74;0.15;-1.19;-2.17;-0.24;-1.07
111037;-9.73;0.13;-1.11;-2.30;0.04;-0.98
111141;-9.72;0.14;-1.23;-2.02;0.24;-1.17
111246;-9.73;0.14;-1.14;-2.04;-0.24;-0.95
111350;-9.71;0.18;-1.16;-2.03;-0.11;-1.16
111455;-9.72;0.15;-1.13;-2.02;-0.05;-1.24
111559;-9.74;0.12;-1.17;-2.27;-0.02;-1.06
111664;-9.73;0.10;-1.13;-2.12;-0.01;-1.13
111768;-9.73;0.17;-1.26;-2.26;0.08;-1.11
111873;-9.79;0.13;-1.05;-2.19;0.18;-1.19
111977;-9.71;0.17;-1.25;-2.34;-0.06;-1.17
112081;-9.78;0.18;-1.04;-2.22;-0.15;-1.28
112187;-9.83;0.14;-1.13;-2.24;-0.05;-1.09
112291;-9.79;0.16;-1.17;-2.16;-0.05;-1.21
112396;-9.72;0.17;-1.11;-1.96;0.02;-1.17
112500;-9.79;0.13;-1.15;-2.17;0.10;-1.05
112605;-9.78;0.16;-1.13;-2.08;0.02;-1.23
112709;-9.72;0.18;-1.14;-2.26;-0.10;-1.05
112814;-9.74;0.13;-1.17;-2.17;0.10;-1.09
112918;-9.79;0.22;-1.23;-2.22;-0.12;-1.37
113022;-9.78;0.18;-1.16;-2.06;-0.05;-1.16
113127;-9.78;0.12;-1.15;-2.14;0.18;-1.14
113231;-9.69;0.13;-1.15;-2.11;-0.13;-1.11
113336;-9.74;0.12;-1.30;-2.30;0.13;-1.16
113440;-9.75;0.15;-1.11;-2.12;-0.14;-1.25
113545;-9.75;0.22;-1.13;-2.20;0.02;-1.13
113649;-9.72;0.19;-1.24;-2.12;-0.10;-1.08
113754;-9.77;0.13;-1.12;-2.37;0.04;-1.06
113858;-9.76;0.10;-1.11;-2.14;-0.07;-1.18
113963;-9.74;0.12;-1.05;-2.11;-0.21;-1.25
114067;-9.80;0.16;-1.14;-2.26;0.03;-1.17
114171;-9.72;0.22;-1.09;-2.12;0.02;-1.27
114276;-9.80;0.11;-1.09;-2.10;0.11;-1.11
114380;-9.73;0.18;-1.15;-1.99;-0.03;-1.03
114485;-9.71;0.17;-1.22;-2.20;0.02;-1.14
114589;-9.73;0.17;-1.21;-2.07;0.01;-0.99
114694;-9.67;0.16;-1.12;-2.20;0.08;-0.99
114798;-9.74;0.14;-1.10;-2.21;-0.04;-0.98
114903;-9.67;0.22;-1.19;-2.20;0.01;-0.99
115007;-9.72;0.08;-1.21;-2.25;0.11;-1.11
115111;-9.75;0.14;-1.20;-2.31;0.23;-1.17
115216;-9.73;0.17;-1.19;-1.99;0.07;-1.14
115320;-9.75;0.17;-1.10;-2.36;0.20;-1.29
115425;-9.75;0.17;-1.20;-2.14;-0.11;-1.25
115529;-9.73;0.17;-1.23;-2.22;0.05;-1.29
115634;-9.69;0.17;-1.09;-2.16;-0.02;-1.09
115739;-9.72;0.18;-1.12;-2.27;0.11;-1.14
115844;-9.79;0.17;-1.22;-2.07;0.02;-0.98
115948;-9.73;0.21;-1.08;-2.20;0.09;-1.12
116052;-9.78;0.12;-1.14;-2.11;-0.11;-1.17
116157;-9.73;0.16;-1.25;-2.14;-0.08;-1.27
116261;-9.71;0.13;-1.14;-2.10;-0.01;-1.24
116366;-9.82;0.13;-1.12;-2.09;0.08;-1.31
116470;-9.74;0.17;-1.13;-2.19;-0.02;-1.11
116575;-9.76;0.17;-1.16;-2.43;-0.07;-1.19
116679;-9.72;0.15;-1.21;-2.43;0.33;-1.17
116784;-9.74;0.16;-1.08;-2.20;0.18;-1.15
116888;-9.76;0.15;-1.17;-2.28;0.08;-1.14
116993;-9.73;0.19;-1.13;-2.30;0.07;-1.09
117097;-9.76;0.11;-1.20;-2.22;0.11;-1.04
117201;-9.80;0.21;-1.10;-2.27;-0.04;-0.92
117306;-9.75;0.13;-1.10;-2.34;0.00;-0.98
117410;-9.67;0.20;-1.16;-2.19;-0.02;-1.13
117515;-9.73;0.18;-1.14;-2.14;-0.03;-1.20
117619;-9.73;0.16;-1.11;-2.26;-0.07;-1.18
117724;-9.75;0.14;-1.09;-2.19;-0.08;-0.96
117828;-9.78;0.11;-1.18;-2.27;0.07;-1.01
117933;-9.77;0.18;-1.13;-2.00;-0.04;-1.09
118037;-9.75;0.20;-1.18;-2.21;0.01;-1.34
118141;-9.77;0.17;-1.10;-2.19;0.09;-1.25
118246;-9.75;0.20;-1.20;-2.24;0.11;-0.98
118350;-9.70;0.16;-1.11;-2.24;0.02;-1.06
118455;-9.75;0.21;-1.18;-2.01;-0.02;-0.95
118559;-9.76;0.13;-1.15;-2.15;-0.11;-1.04
118664;-9.72;0.13;-1.17;-2.22;-0.18;-1.02
118768;-9.75;0.13;-1.14;-2.18;0.22;-1.19
118873;-9.75;0.19;-1.15;-2.20;0.05;-1.04
118977;-9.74;0.15;-1.14;-2.30;0.00;-0.94
119081;-9.75;0.17;-1.16;-2.17;0.02;-1.10
119186;-9.73;0.16;-1.21;-2.03;0.02;-1.17
119290;-9.81;0.15;-1.14;-2.21;0.20;-1.04
119395;-9.73;0.17;-1.22;-2.20;0.19;-1.27
119499;-9.76;0.14;-1.12;-2.22;0.17;-1.11
119604;-9.69;0.18;-1.11;-2.11;-0.05;-1.16
119709;-9.74;0.20;-1.26;-2.27;-0.01;-1.14
119814;-9.77;0.17;-1.10;-2.19;-0.16;-1.04
119918;-9.73;0.15;-1.15;-2.25;-0.08;-1.07
120023;-9.71;0.16;-1.18;-2.26;-0.21;-1.16
120127;-9.77;0.14;-1.10;-2.18;-0.08;-1.16
120231;-9.76;0.13;-1.13;-2.05;-0.04;-1.17
120336;-9.77;0.13;-1.12;-2.20;0.03;-1.14
120440;-9.72;0.21;-1.08;-2.09;0.09;-1.06
120545;-9.73;0.18;-1.15;-2.05;0.06;-1.05
120649;-9.73;0.12;-1.16;-2.15;0.08;-1.14
120754;-9.74;0.17;-1.14;-2.17;0.04;-1.21
120858;-9.69;0.17;-1.18;-2.27;-0.07;-1.17
120963;-9.71;0.17;-1.11;-2.14;-0.05;-1.11
121067;-9.78;0.17;-1.19;-2.12;0.05;-1.14
121171;-9.75;0.15;-1.08;-2.19;0.12;-1.01
121276;-9.73;0.18;-1.25;-2.19;0.12;-1.01
121380;-9.75;0.18;-1.09;-2.20;-0.02;-1.31
121485;-9.69;0.14;-1.10;-2.17;-0.06;-1.09
121589;-9.72;0.13;-1.19;-2.27;-0.08;-0.95
121694;-9.77;0.17;-1.13;-2.16;-0.17;-1.09
121798;-9.74;0.20;-1.09;-2.22;0.08;-1.02
121903;-9.75;0.16;-1.09;-2.22;-0.02;-1.10
122007;-9.75;0.15;-1.10;-2.27;0.12;-0.98
122112;-9.76;0.19;-1.15;-2.29;-0.08;-1.08
122216;-9.74;0.12;-1.16;-2.12;0.07;-1.09
122320;-9.73;0.16;-1.16;-2.27;0.18;-1.17
122425;-9.74;0.12;-1.15;-2.27;0.01;-1.15
122529;-9.72;0.16;-1.20;-2.16;-0.05;-1.22
122634;-9.67;0.14;-1.09;-2.37;0.17;-1.06
122738;-9.76;0.13;-1.12;-2.21;-0.14;-1.04
122843;-9.73;0.19;-1.16;-2.02;0.01;-1.21
122947;-9.71;0.09;-1.18;-2.00;-0.18;-1.15
123052;-9.71;0.16;-1.18;-2.23;0.01;-1.08
123156;-9.78;0.19;-1.11;-2.37;0.24;-1.21
123260;-9.77;0.08;-1.13;-2.07;-0.18;-1.04
123365;-9.71;0.12;-1.12;-2.27;-0.01;-1.04
123470;-9.75;0.14;-1.12;-2.07;-0.04;-0.92
123575;-9.74;0.09;-1.15;-2.17;0.16;-1.28
123679;-9.72;0.13;-1.16;-2.11;-0.12;-1.27
123784;-9.73;0.11;-1.18;-2.17;-0.04;-1.01
123888;-9.73;0.20;-1.19;-2.04;0.10;-1.15
123993;-9.76;0.17;-1.16;-2.28;0.31;-1.26
124097;-9.71;0.12;-1.14;-2.14;-0.04;-1.12
124201;-9.67;0.15;-1.21;-2.20;0.09;-1.14
124306;-9.73;0.15;-1.16;-2.41;0.03;-0.92
124410;-9.76;0.14;-1.22;-2.16;0.02;-0.95
124515;-9.78;0.18;-1.15;-2.21;0.13;-1.07
124619;-9.75;0.19;-1.11;-2.29;-0.02;-0.91
124724;-9.74;0.13;-1.18;-2.23;0.02;-1.13
124828;-9.78;0.17;-1.17;-2.18;0.03;-1.21
124933;-9.71;0.18;-1.18;-2.20;-0.04;-0.97
125037;-9.81;0.13;-1.16;-2.44;-0.15;-1.10
125142;-9.69;-0.32;-1.92;-37.19;1.58;-1.98
125246;-9.67;-0.04;-1.32;-5.28;0.57;-1.27
125350;-9.81;-0.12;-1.53;1.95;-0.59;-1.69
125455;-9.79;0.12;-1.09;-14.38;1.23;1.39
125559;-9.59;0.16;-1.14;-0.76;-0.02;-2.04
125664;-9.97;-0.08;-1.18;2.67;-1.66;-4.04
125768;-9.58;0.17;-1.19;-0.46;-0.90;-0.04
125873;-9.58;0.47;-1.18;-2.59;-1.37;-5.49
125977;-9.43;-0.43;-0.59;7.20;-1.08;-6.17
126082;-10.82;-1.49;-1.16;4.93;-2.60;-23.83
126187;-10.29;0.47;-0.15;-2.10;2.40;-19.65
126291;-10.08;-0.49;-1.39;-6.11;-0.40;-31.89
126396;-9.06;-0.57;-0.87;-0.67;-5.04;-55.94
126500;-8.75;-2.48;-0.70;-6.06;13.82;-78.44
126605;-8.80;-2.63;-2.07;-3.54;37.76;-74.69
126709;-8.84;-7.24;-1.03;2.04;-43.73;-127.33
126814;-7.45;-6.34;-0.74;10.41;7.00;-56.47
126918;-6.58;-6.90;-1.16;-3.14;60.52;-83.82
127024;-3.93;-9.35;-1.36;0.74;21.76;-59.33
127128;-4.67;-8.41;-2.83;-6.05;-8.50;-2.70
127233;-4.86;-8.23;-1.65;-19.00;-3.65;-5.76
127337;-4.09;-8.44;-2.49;-3.04;-2.73;-8.35
127441;-4.93;-8.20;-2.38;3.66;1.37;-10.93
127546;-4.61;-8.54;-2.47;-22.88;11.96;-39.10
127650;-3.03;-8.78;-3.35;-16.24;8.69;-19.61
127755;-4.17;-8.73;-2.24;-4.19;4.43;-15.12
127860;-2.53;-8.84;-3.30;-8.22;4.62;-14.31
127965;-1.76;-8.99;-3.71;1.63;0.86;2.54
128069;-2.32;-9.07;-4.26;2.75;0.72;14.34
128174;-3.21;-8.90;-2.65;14.97;6.33;16.96
128278;-3.46;-8.74;-2.70;6.48;-9.03;6.70
128382;-2.93;-8.50;-2.49;-8.42;7.51;-36.61
128487;-3.49;-9.12;-2.91;-1.54;-18.26;-25.57
128591;-2.84;-8.84;-2.81;-0.97;-11.11;9.74
128696;-3.37;-8.76;-3.15;9.78;17.04;15.08
128800;-3.06;-8.95;-2.51;9.62;-14.34;10.25
128906;-2.76;-8.55;-1.76;1.53;-14.45;-27.15
129010;-2.93;-9.91;-2.21;0.29;-48.74;-17.23
129115;-2.59;-9.09;-2.78;9.75;-35.00;8.18
129219;-3.23;-9.95;-2.92;-11.29;-3.91;-33.13
129324;-1.83;-9.29;-2.94;1.65;1.40;-1.73
129428;-2.29;-9.33;-1.58;4.81;23.74;-3.81
129532;-1.28;-9.89;-2.92;26.78;22.83;-17.49
129637;-1.48;-9.59;-1.44;11.03;37.02;1.50
129742;-1.89;-9.34;-1.95;7.80;-10.31;-9.31
129847;-1.60;-9.78;-1.96;15.26;-8.22;-31.51
129951;1.38;-10.14;1.45;6.23;32.87;-7.32
130056;-0.66;-9.66;-1.05;-7.41;-4.25;2.31
130160;-0.91;-9.61;-1.57;-4.46;-0.93;-4.89
130265;-0.62;-9.50;-1.73;-13.18;-19.68;-12.48
130369;-0.18;-9.77;-1.59;-4.88;-1.61;-19.88
130473;1.15;-9.80;-0.48;-3.03;43.75;-19.62
130578;-0.09;-9.59;-1.62;5.14;4.54;-0.46
130682;-0.48;-9.69;-0.54;0.68;1.18;2.48
130787;0.51;-9.56;-1.51;4.33;4.36;-2.29
130891;-0.37;-9.50;0.58;10.19;0.42;-1.53
130997;0.54;-9.86;-2.42;-6.14;-4.46;-1.12
131101;0.00;-9.66;-0.60;-1.34;1.16;-1.50
131206;0.00;-9.72;-1.00;1.01;3.33;-1.53
131310;0.40;-9.70;-1.27;-4.43;-1.34;-1.53
131415;0.63;-9.55;-1.00;-3.95;-2.90;-0.94
131519;0.03;-9.75;-1.32;-7.14;-3.68;-1.81
131623;0.16;-9.67;-0.95;2.29;2.61;-1.98
131728;0.08;-9.69;-1.10;-1.14;0.70;-1.14
131832;0.14;-9.72;-1.29;8.17;5.79;-0.76
131937;0.23;-9.78;-1.15;1.30;2.37;-1.40
132041;1.48;-9.68;-0.46;4.02;8.16;-0.62
132146;0.02;-9.70;-1.15;-2.03;0.13;-1.14
132250;0.48;-9.78;-1.49;7.48;23.16;-0.70
132355;0.35;-9.70;-1.28;-7.67;-3.43;-1.81
132459;-0.00;-9.67;-1.12;-1.91;0.27;-1.42
132563;0.22;-9.66;-0.99;-1.82;1.41;-2.00
132668;-0.01;-9.67;-1.14;-9.12;-8.61;-3.64
132772;0.17;-9.64;-0.77;-1.51;13.33;-1.52
132877;-0.18;-9.67;-0.95;-5.68;-13.76;-0.69
132981;0.07;-9.67;-1.12;-4.01;0.72;-1.12
133086;0.01;-9.72;-1.13;-6.67;0.18;-1.27
133190;0.50;-9.60;-0.82;-4.10;10.77;-0.99
133295;0.04;-9.69;-0.91;-2.34;0.05;-1.14
133399;0.09;-9.64;-0.96;-2.00;0.02;-1.07
133504;0.13;-9.68;-1.08;-2.05;0.03;-1.03
133608;0.07;-9.63;-1.05;-2.16;-0.06;-1.26
133712;0.11;-9.66;-1.02;-2.17;0.12;-0.93
133817;0.02;-9.70;-1.05;-2.06;0.02;-1.06
133921;0.09;-9.69;-1.02;-2.24;0.06;-1.21
134026;0.06;-9.70;-1.02;-2.11;-0.03;-1.23
134130;0.05;-9.73;-1.05;-1.88;0.18;-1.11
134235;0.10;-9.64;-1.06;-2.08;2.14;-1.14
134339;0.03;-9.66;-1.13;-2.17;-0.02;-1.10
134445;0.10;-9.65;-1.10;-2.13;0.07;-1.15
134549;0.09;-9.71;-1.05;-2.27;-0.08;-1.08
134653;0.04;-9.72;-1.04;-2.08;-0.08;-1.24
134758;0.02;-9.67;-1.00;-2.07;0.10;-1.17
134862;0.12;-9.70;-1.01;-2.17;0.21;-1.13
134967;0.06;-9.70;-1.10;-2.17;-0.02;-1.12
135071;0.05;-9.65;-0.99;-2.22;0.11;-1.10
135176;0.09;-9.68;-1.08;-2.14;0.18;-1.17
135280;0.07;-9.76;-1.03;-2.16;0.11;-1.06
135385;0.06;-9.68;-1.05;-2.10;-0.06;-1.17
135489;0.05;-9.70;-1.03;-2.17;0.01;-1.12
135593;0.12;-9.70;-1.16;-2.27;0.07;-1.20
135698;0.13;-9.71;-1.00;-2.08;0.02;-1.24
135802;0.10;-9.71;-1.07;-2.13;-0.10;-1.26
135907;0.09;-9.72;-1.09;-2.29;-0.08;-1.08
136011;0.16;-9.63;-1.12;-2.14;0.06;-1.14
136116;0.07;-9.69;-1.09;-2.21;-0.15;-1.16
136220;0.10;-9.70;-1.01;-2.10;-0.16;-1.06
136325;0.09;-9.70;-1.16;0.56;2.54;-1.53
136429;-0.39;-9.48;0.08;-12.01;-2.41;6.53
136534;-0.01;-9.47;-1.13;7.11;6.37;-1.98
136638;0.60;-9.61;-1.16;7.89;-1.12;-4.59
136742;0.08;-9.78;-1.51;-5.18;-0.47;-4.85
136847;0.30;-9.73;-1.08;3.39;1.81;-2.19
136951;1.50;-9.31;-0.57;3.45;54.95;23.42
137056;0.04;-9.58;-0.28;-9.25;-1.13;-0.05
137160;-0.29;-9.80;-2.68;15.91;9.03;1.24
137265;0.02;-9.66;-1.05;-14.90;0.12;2.18
137369;0.08;-9.66;-0.79;0.27;0.16;-1.09
137474;0.05;-9.70;-1.21;-0.83;0.17;-1.43
137578;0.09;-9.67;-1.16;-2.64;0.07;-1.14
137682;0.11;-9.67;-1.03;-2.54;-0.15;-1.13
137787;0.07;-9.71;-1.08;-2.28;-0.09;-0.99
137891;0.00;-9.68;-1.21;-2.12;-0.15;-1.21
137996;0.06;-9.65;-1.10;-2.08;-0.15;-1.11
138100;0.04;-9.61;-1.09;-2.17;-0.02;-1.06
138205;0.02;-9.70;-1.11;-2.39;-0.11;-1.14
138309;0.06;-9.68;-1.09;-3.17;0.60;-1.26
138415;0.07;-9.74;-1.15;-1.22;-0.11;-1.10
138519;0.10;-9.73;-1.21;0.37;0.81;-1.08
138624;-0.02;-9.70;-1.52;1.23;1.35;-1.24
138728;-0.32;-10.18;-2.26;-16.90;-8.88;0.74
138832;0.12;-9.69;-0.89;-2.21;1.02;-1.29
138937;0.12;-9.64;-0.94;-2.11;0.11;-1.19
139041;0.16;-9.66;-0.86;-2.37;0.04;-1.37
139146;-0.56;-9.75;-0.70;-2.96;1.35;-1.34
139250;-3.87;-9.78;0.66;-2.87;-6.40;-4.85
139355;0.54;-9.70;-1.16;-1.66;-0.98;-0.37
139459;0.01;-9.75;-1.14;-1.11;-20.81;-3.08
139564;0.63;-9.66;-0.54;-5.62;-23.46;0.22
139668;0.03;-9.68;-0.96;-2.41;-0.89;-1.18
139772;0.79;-9.64;-0.86;-1.67;-37.90;0.27
139877;0.11;-9.70;-1.15;-3.49;-0.89;-0.83
139981;0.07;-9.67;-0.95;-3.20;-0.65;-0.98
140086;0.12;-9.59;-0.59;-1.25;2.23;-1.53
140190;0.11;-9.63;-0.90;-2.43;3.56;-1.24
140295;0.00;-9.66;-0.86;-2.14;0.09;-1.01
140399;0.11;-9.65;-0.83;-2.27;0.13;-1.15
140504;0.02;-9.66;-0.95;-2.14;0.48;-1.17
140608;0.18;-9.74;-0.94;-2.27;0.22;-1.22
140712;0.14;-9.68;-0.93;-2.08;0.11;-1.22
140817;0.02;-9.74;-0.81;-2.09;0.02;-1.05
140921;0.05;-9.66;-0.95;-2.17;-0.06;-1.09
141026;0.06;-9.69;-0.98;-2.26;0.08;-1.08
141130;0.07;-9.70;-0.98;-2.17;-0.12;-1.09
141235;0.06;-9.65;-0.95;-2.19;0.12;-1.11
141339;0.09;-9.69;-0.94;-2.16;-0.08;-1.18
141444;0.09;-9.67;-1.02;-2.20;0.03;-1.08
141548;0.08;-9.73;-0.91;-2.27;-0.05;-0.97
141652;0.12;-9.65;-0.88;-2.14;0.11;-0.97
141758;0.11;-9.67;-0.86;-2.12;0.07;-0.98
141862;0.12;-9.65;-0.85;-2.11;-0.05;-1.14
141967;0.10;-9.69;-0.88;-2.20;-0.04;-1.26
142071;0.05;-9.73;-0.98;-2.08;0.09;-0.89
142176;0.09;-9.71;-0.87;-2.06;0.06;-1.14
142280;0.10;-9.66;-0.98;-2.24;-0.02;-1.08
142385;0.06;-9.75;-1.04;-2.22;-0.14;-1.24
142489;0.11;-9.68;-1.02;-2.24;0.02;-1.03
142594;0.09;-9.65;-1.05;-2.11;-0.02;-1.12
142698;0.03;-9.68;-0.90;-2.04;0.11;-1.09
142802;0.12;-9.61;-0.85;-2.10;0.06;-1.21
142907;0.04;-9.63;-0.92;-2.12;-0.07;-1.01
143011;0.17;-9.70;-1.00;-1.99;-0.22;-1.11
143116;0.08;-9.70;-0.95;-2.24;-0.10;-1.11
143220;0.04;-9.70;-0.97;-2.17;0.08;-1.08
143325;0.06;-9.71;-0.94;-2.01;-0.02;-1.11
143429;0.05;-9.68;-0.92;-1.95;0.03;-1.20
143534;0.09;-9.66;-0.98;-2.24;0.18;-1.22
143638;0.03;-9.70;-0.96;-2.26;-0.14;-1.08
143742;0.12;-9.70;-0.90;-2.20;0.09;-1.15
143847;0.04;-9.71;-1.00;-2.11;0.08;-1.24
143951;0.10;-9.74;-0.93;-2.07;-0.19;-1.04
144056;0.07;-9.66;-0.86;-2.24;0.10;-1.04
144160;0.06;-9.70;-0.95;-2.13;0.05;-1.13
144265;0.08;-9.72;-0.92;-2.25;0.05;-1.06
144369;0.15;-9.65;-0.91;-2.21;-0.14;-1.29
144474;0.09;-9.70;-0.94;-2.14;-0.13;-1.18
144578;0.06;-9.67;-0.94;-1.88;0.23;-1.14
144683;0.11;-9.68;-0.96;-2.17;-0.17;-1.21
144787;0.06;-9.68;-0.92;-2.24;-0.03;-1.11
144891;0.06;-9.66;-0.92;-2.09;0.09;-1.24
144996;0.10;-9.69;-0.91;-2.17;-0.08;-1.30
145100;0.08;-9.67;-0.89;-1.98;-0.02;-1.14
145205;0.07;-9.68;-0.90;-2.22;-0.06;-1.20
145309;0.10;-9.68;-0.95;-2.04;-0.11;-1.07
145414;0.16;-9.63;-0.92;-2.19;0.14;-0.98
145518;0.13;-9.68;-0.95;-2.26;-0.02;-1.18
145623;0.12;-9.72;-1.02;-2.18;-0.08;-1.39
145727;0.08;-9.69;-0.90;-2.06;0.18;-1.14
145831;0.05;-9.73;-0.91;-2.39;-0.05;-1.05
145936;0.06;-9.71;-0.89;-2.20;-0.05;-1.11
146040;0.11;-9.60;-0.90;-2.02;0.12;-1.08
146145;0.14;-9.68;-0.92;-2.14;0.11;-1.21
146249;0.12;-9.69;-0.92;-2.23;0.11;-0.97
146354;0.06;-9.71;-0.95;-2.01;0.04;-1.21
146458;0.10;-9.70;-0.92;-2.24;-0.05;-1.17
146563;0.09;-9.67;-0.91;-2.11;0.02;-1.24
146667;0.12;-9.71;-0.92;-2.16;0.14;-1.26
146771;0.06;-9.66;-0.96;-2.17;0.15;-1.24
146876;0.03;-9.70;-0.89;-2.14;0.17;-0.99
146980;0.10;-9.71;-0.91;-2.17;0.07;-1.03
147085;0.10;-9.68;-0.89;-2.05;0.05;-1.02
147189;0.10;-9.68;-0.94;-2.00;0.03;-1.21
147294;0.07;-9.69;-0.90;-2.02;0.07;-1.24
147398;0.07;-9.68;-0.91;-2.32;-0.13;-1.04
147503;0.05;-9.68;-0.95;-2.20;0.01;-1.11
147607;0.06;-9.68;-0.90;-2.11;0.02;-1.15
147712;0.08;-9.65;-0.97;-2.26;0.05;-1.12
147816;0.05;-9.67;-0.93;-2.20;-0.05;-1.05
147920;0.11;-9.71;-0.91;-2.13;0.01;-1.13
148025;0.07;-9.63;-0.96;-2.13;0.08;-1.17
148129;0.05;-9.72;-0.90;-2.16;-0.13;-1.02
148235;0.12;-9.64;-0.85;-2.16;-0.05;-1.22
148339;0.07;-9.72;-0.99;-2.11;0.04;-1.07
148444;0.12;-9.71;-0.90;-2.08;0.06;-1.00
148548;0.08;-9.73;-0.96;-2.24;-0.20;-1.17
148653;0.12;-9.70;-0.97;-2.11;0.11;-1.28
148757;0.06;-9.67;-0.95;-2.30;-0.04;-1.08
148861;0.03;-9.69;-0.89;-2.13;0.02;-1.24
148966;0.07;-9.71;-0.98;-2.14;0.02;-1.17
149070;0.10;-9.63;-0.87;-2.24;-0.03;-1.05
149175;0.12;-9.70;-0.95;-2.22;0.11;-1.12
149279;0.06;-9.66;-0.92;-2.01;-0.15;-1.00
149384;0.02;-9.69;-0.90;-2.08;-0.02;-1.18
149488;0.06;-9.67;-1.03;-2.23;-0.08;-1.04
149593;0.04;-9.71;-0.99;-2.17;-0.05;-1.09
149697;0.07;-9.67;-0.90;-2.14;0.11;-1.17
149801;0.11;-9.72;-0.88;-2.16;0.08;-1.21
149906;0.06;-9.67;-0.93;-2.09;0.01;-0.96
150010;0.05;-9.71;-0.93;-2.24;0.07;-1.14
150115;0.11;-9.67;-0.91;-2.19;0.12;-1.07
150219;0.06;-9.70;-0.92;-2.13;0.08;-1.19
150324;0.09;-9.71;-0.94;-2.27;-0.10;-1.13
150428;0.06;-9.68;-0.88;-2.33;-0.11;-1.32
150533;0.13;-9.66;-0.92;-2.13;-0.02;-1.11
150637;0.06;-9.66;-0.94;-2.18;0.02;-1.08
150742;0.05;-9.75;-0.92;-2.17;0.05;-1.18
150846;0.12;-9.66;-0.95;-2.20;-0.02;-1.08
150950;0.12;-9.75;-0.95;-2.20;-0.06;-1.11
151055;0.03;-9.72;-0.92;-2.13;0.01;-1.21
151159;0.11;-9.69;-0.86;-1.98;0.06;-1.22
151264;0.11;-9.72;-0.88;-2.14;-0.05;-1.14
151368;0.08;-9.67;-0.87;-2.27;0.03;-1.07
151473;0.09;-9.68;-0.87;-2.16;0.02;-1.11
151577;0.12;-9.72;-0.90;-2.24;0.18;-1.10
151682;0.10;-9.71;-0.94;-2.16;0.06;-1.20
151786;0.09;-9.70;-0.94;-1.97;-0.05;-1.24
151890;0.05;-9.73;-0.87;-2.24;-0.04;-1.12
151995;0.07;-9.66;-0.90;-2.12;0.05;-1.07
152099;0.12;-9.71;-0.99;-2.08;-0.03;-1.12
152204;0.10;-9.64;-0.93;-1.96;0.04;-1.08
152308;0.12;-9.61;-0.87;-2.26;0.17;-1.26
152413;0.15;-9.66;-0.92;-2.12;-0.10;-1.27
152517;0.07;-9.71;-0.96;-2.08;0.08;-1.17
152622;0.11;-9.66;-0.89;-2.24;-0.01;-1.24
152726;0.07;-9.80;-0.97;-2.35;0.05;-1.14
152830;0.13;-9.67;-0.96;-2.13;-0.01;-1.10
152935;0.11;-9.64;-0.86;-2.09;-0.06;-1.25
153039;0.08;-9.67;-0.95;-2.20;0.06;-1.11
153144;0.04;-9.68;-0.96;-2.24;0.01;-1.01
153248;0.04;-9.67;-0.89;-2.11;0.04;-1.11
153353;0.09;-9.70;-0.92;-2.12;-0.01;-1.11
153457;0.08;-9.68;-0.92;-2.24;-0.05;-1.04
153562;0.11;-9.64;-0.92;-2.17;0.03;-1.10
153666;0.08;-9.73;-0.92;-2.17;-0.07;-1.08
153771;0.09;-9.71;-0.90;-2.18;0.11;-1.13
153875;0.06;-9.68;-0.98;-2.24;0.11;-1.15
153979;0.11;-9.62;-0.88;-2.08;-0.14;-1.15
154085;0.11;-9.72;-0.89;-2.16;0.11;-1.08
154189;0.03;-9.67;-0.90;-2.32;-0.04;-0.95
154294;0.05;-9.74;-0.89;-2.01;0.07;-1.25
154398;0.11;-9.65;-0.85;-2.23;-0.03;-1.04
154503;0.06;-9.68;-0.91;-2.08;-0.02;-1.14
154607;0.06;-9.68;-0.96;-2.07;0.02;-1.15
154712;0.10;-9.66;-0.92;-2.12;0.18;-1.11
154816;0.02;-9.72;-0.88;-2.08;0.21;-1.18
154920;0.10;-9.68;-0.92;-2.19;0.02;-1.12
155025;0.11;-9.73;-0.92;-2.22;0.11;-1.11
155129;0.05;-9.68;-0.98;-2.04;0.05;-1.05
155234;0.08;-9.63;-0.92;-2.31;0.01;-1.21
155338;0.07;-9.68;-0.95;-2.16;0.07;-1.19
155443;0.07;-9.72;-0.92;-2.33;0.04;-1.25
155547;0.08;-9.72;-0.94;-2.24;0.13;-1.15
155652;0.08;-9.73;-0.89;-2.21;0.02;-1.22
155756;0.09;-9.66;-0.92;-2.17;0.06;-1.37
155860;0.10;-9.66;-0.92;-2.38;-0.04;-1.29
155965;0.10;-9.71;-0.90;-2.23;0.24;-1.10
156069;0.07;-9.67;-0.91;-2.06;0.13;-1.14
156174;0.02;-9.67;-0.96;-2.23;0.05;-1.08
156278;0.03;-9.62;-0.91;-2.08;-0.05;-1.06
156383;0.05;-9.67;-0.95;-2.31;-0.20;-1.04
156487;0.06;-9.67;-0.86;-2.16;0.05;-1.08
156592;0.07;-9.66;-0.93;-2.21;0.01;-1.14
156696;0.07;-9.69;-0.85;-2.27;-0.02;-1.02
156801;0.08;-9.71;-0.83;-2.05;-0.02;-1.24
156905;0.12;-9.70;-0.91;-2.15;-0.08;-1.20
157009;0.08;-9.71;-0.98;-2.12;0.04;-0.98
157114;0.07;-9.68;-0.89;-1.95;0.05;-1.11
157218;0.09;-9.68;-0.91;-2.24;0.15;-1.21
157323;0.12;-9.70;-0.90;-2.28;0.14;-1.23
157427;0.04;-9.63;-0.95;-2.36;-0.05;-1.21
157532;0.05;-9.65;-0.91;-2.18;0.08;-1.10
157636;0.05;-9.66;-0.95;-2.37;0.14;-1.05
157741;0.09;-9.70;-0.92;-2.36;0.05;-1.11
157845;0.10;-9.67;-0.93;-2.05;-0.14;-1.32
157949;0.01;-9.69;-0.90;-2.20;0.09;-1.10
158054;0.13;-9.68;-0.88;-2.25;0.02;-1.21
158158;0.09;-9.66;-0.89;-2.15;-0.01;-1.27
158263;0.16;-9.70;-0.97;-2.13;-0.04;-1.27
158367;0.10;-9.64;-0.92;-2.14;0.08;-1.07
158472;0.07;-9.69;-0.88;-2.23;-0.02;-1.25
158576;0.04;-9.68;-0.89;-2.24;0.08;-1.10
158681;0.07;-9.65;-0.95;-2.12;0.14;-1.18
158785;0.13;-9.67;-0.96;-1.97;0.02;-1.15
158889;0.09;-9.68;-0.90;-2.24;0.03;-1.02
158994;0.06;-9.67;-0.97;-2.08;0.08;-1.02
159098;0.09;-9.67;-0.94;-2.17;0.10;-1.22
159203;0.08;-9.73;-0.97;-2.21;0.16;-1.14
159307;0.07;-9.70;-0.96;-2.20;-0.02;-1.02
159412;0.10;-9.65;-0.94;-2.24;0.13;-1.10
159516;0.06;-9.68;-0.95;-2.16;-0.07;-1.14
159621;0.14;-9.70;-0.86;-2.20;0.07;-0.98
159725;0.04;-9.68;-0.93;-2.14;-0.02;-1.14
159830;0.06;-9.69;-0.88;-2.31;0.14;-1.28
159934;0.06;-9.75;-0.87;-1.97;-0.08;-1.19
160038;0.07;-9.63;-0.93;-2.25;0.08;-1.08
160143;0.11;-9.69;-0.92;-2.19;0.30;-1.06
160247;0.12;-9.71;-0.92;-2.15;-0.02;-1.11
160352;0.05;-9.66;-0.92;-2.13;0.06;-1.13
160456;0.10;-9.67;-0.85;-2.21;0.01;-1.14
160561;0.02;-9.71;-0.93;-2.39;-0.21;-1.19
160666;0.06;-9.72;-0.89;-2.17;0.11;-1.20
160771;0.04;-9.72;-0.93;-2.19;0.02;-1.05
160875;0.10;-9.73;-0.90;-2.33;0.11;-1.19
160979;0.08;-9.67;-0.95;-2.13;-0.07;-1.10
161084;0.10;-9.70;-0.94;-2.21;-0.17;-1.06
161188;0.03;-9.70;-0.95;-2.31;-0.08;-1.03
161293;0.08;-9.70;-0.83;-2.08;0.05;-1.16
161397;0.10;-9.64;-0.91;-2.20;0.08;-1.11
161502;0.12;-9.67;-0.99;-2.20;-0.15;-1.14
161606;0.19;-9.69;-0.81;-2.91;-0.09;-0.99
161711;0.44;-9.63;-1.03;-2.04;1.12;-1.01
161815;0.14;-9.70;-0.91;-1.94;0.14;-1.22
161920;-0.35;-9.68;-0.88;-3.90;-3.86;-0.29
162024;0.12;-9.73;-0.77;-2.04;4.04;-2.49
162128;0.05;-9.70;-0.86;-2.12;-0.08;-1.04
162233;0.07;-9.70;-1.00;-2.14;-0.09;-1.18
162337;0.09;-9.68;-0.93;-1.99;0.27;-1.06
162442;-0.88;-9.78;-1.00;-1.75;10.28;-13.88
162546;-0.26;-10.02;-0.74;-2.27;-10.46;-0.80
162651;0.46;-9.98;-0.79;-2.37;5.06;-9.46
162755;-0.24;-9.96;-0.67;-6.08;-4.05;-10.90
162860;-0.26;-9.90;-0.95;-4.89;-2.59;-7.19
162964;0.81;-10.52;-1.25;-6.81;0.10;19.19
163068;0.74;-9.87;-0.99;-10.26;-0.98;4.04
163173;0.85;-8.90;-1.39;-47.22;1.01;-9.59
163278;-2.39;-9.02;-2.84;-1.53;19.59;45.62
163383;-0.70;-8.97;-2.89;-18.61;8.64;88.07
163487;-2.73;-9.17;-3.79;-16.13;3.58;27.74
163592;-3.47;-9.38;-2.78;-17.41;11.02;40.09
163696;-3.46;-8.86;-4.05;-19.89;10.71;42.62
163801;-4.56;-7.68;-4.20;-52.93;21.22;74.74
163905;-5.34;-6.27;-5.43;-57.37;-8.13;42.80
164011;-7.12;-6.47;-5.13;22.61;-9.84;74.40
164115;-5.61;-5.50;-5.98;-30.98;-25.50;62.95
164219;-8.24;-4.46;-4.74;-15.00;-8.51;73.73
164324;-8.14;-3.49;-5.07;-42.57;3.98;74.69
164428;-7.73;-1.66;-5.11;-16.56;-26.42;66.79
164533;-10.76;-2.38;-5.86;-25.02;-29.55;101.17
164638;-4.83;1.63;-5.02;-29.30;-14.72;93.28
164743;-4.50;0.39;-6.04;8.76;-43.58;-35.81
164847;-7.16;3.39;-3.97;-4.24;-68.80;20.81
164952;-8.15;3.23;-5.75;-21.58;-73.94;-9.06
165056;-9.71;2.62;-5.25;11.60;-5.90;5.96
165160;-8.13;1.31;-2.97;-5.41;-1.54;27.20
165266;-11.48;9.19;-5.05;50.24;52.30;153.75
165370;-6.84;6.16;-2.56;-134.94;-91.29;105.86
165475;-4.33;5.74;2.07;-0.24;5.20;-4.65
165579;-6.62;8.59;-2.75;16.32;-54.21;26.03
165684;-7.52;7.44;-6.20;43.13;-28.49;48.34
165789;-5.32;8.71;-2.81;3.65;-20.99;1.75
165894;-5.07;9.11;-2.95;-33.81;14.47;9.77
165998;-5.68;10.41;-2.23;-21.76;14.18;31.09
166103;-3.31;9.22;-1.73;-12.46;4.57;41.14
166207;-2.96;9.40;-1.56;-5.17;-0.31;25.86
166311;-2.56;9.57;-1.80;-6.82;4.30;12.95
166416;-2.31;9.53;-0.89;-20.10;-3.97;43.59
166520;-1.20;9.01;-0.27;-8.54;-31.88;85.18
166626;-0.73;9.79;-0.83;-5.26;24.61;12.15
166730;-0.34;10.72;-0.29;-6.90;-26.09;19.22
166835;-0.32;10.04;-1.09;-13.60;-2.26;9.42
166939;0.12;9.95;-0.72;-0.14;-0.03;-1.07
167044;0.75;9.99;-0.78;3.80;35.49;7.47
167148;-0.18;9.93;-1.15;-6.85;5.95;-2.46
167252;-0.63;9.92;-0.73;-0.24;0.43;0.85
167357;-0.23;10.02;-1.65;-3.46;-0.91;-3.17
167461;0.14;9.94;-1.04;0.33;-0.09;-0.22
167566;-0.06;10.17;-2.19;2.78;-31.94;35.61
167670;-0.98;9.74;-0.80;-1.32;1.86;12.15
167775;-0.96;9.75;-0.90;-3.17;0.54;-3.48
167879;-0.78;9.76;-1.65;-1.33;-1.73;-5.91
167985;-0.40;9.83;-1.68;-0.72;-6.84;-3.57
168089;0.73;9.87;-0.72;-3.70;4.28;5.70
168194;0.31;9.96;-0.83;-1.79;-0.34;-1.97
168298;0.11;9.93;-1.08;-2.85;0.07;-1.51
168402;0.17;10.08;-0.98;-1.67;-0.08;-0.89
168507;0.20;10.04;-0.96;-1.89;-0.08;-1.02
168611;0.22;9.99;-1.05;-2.28;0.21;-0.83
168716;0.20;9.94;-1.02;-2.01;0.13;-1.00
168820;0.12;9.93;-1.03;-2.37;0.14;-1.17
168925;0.19;9.92;-0.78;-3.58;-0.85;-2.08
169029;0.33;10.01;-1.19;-1.40;-3.06;-1.11
169134;0.16;9.94;-1.13;-2.66;-3.16;-0.92
169238;0.21;9.99;-1.01;-2.11;0.05;-1.05
169342;0.24;9.92;-1.10;-2.16;0.08;-0.96
169447;0.14;9.95;-1.09;-2.06;0.06;-1.13
169551;0.23;9.95;-1.10;-2.08;0.08;-1.25
169656;0.22;9.91;-1.11;-2.04;-0.02;-1.18
169760;0.18;9.99;-0.98;-2.27;0.02;-1.02
169865;0.15;9.92;-1.04;-2.27;-0.07;-1.02
169969;0.18;9.95;-1.04;-2.24;0.01;-1.12
170074;0.18;9.94;-1.10;-2.04;-0.07;-1.02
170178;0.21;9.92;-1.09;-2.27;-0.01;-1.14
170283;0.16;10.01;-1.03;-2.17;-0.07;-1.11
170387;0.16;9.92;-1.10;-2.24;-0.04;-1.05
170491;0.12;10.04;-1.05;-2.03;-0.02;-1.34
170596;0.17;9.90;-1.08;-2.27;0.07;-1.12
170700;0.17;9.97;-1.09;-2.22;-0.11;-1.14
170805;0.17;9.90;-1.06;-2.25;0.08;-1.17
170909;0.19;9.91;-1.06;-2.28;0.15;-1.08
171014;0.14;9.98;-1.07;-2.16;0.06;-1.12
171118;0.24;9.92;-0.98;-2.13;-0.03;-1.18
171223;0.18;9.98;-0.97;-2.00;0.11;-0.92
171327;0.10;10.00;-0.99;-2.17;0.19;-0.98
171431;0.14;9.99;-1.13;-2.27;0.08;-1.19
171536;0.17;9.97;-1.09;-2.19;0.05;-1.09
171640;0.17;9.90;-0.98;-2.11;0.01;-1.05
171745;0.14;9.93;-1.08;-2.05;-0.08;-1.12
171849;0.21;9.94;-1.06;-2.15;0.10;-1.21
171954;0.20;9.96;-1.05;-2.08;-0.08;-0.92
172058;0.22;9.94;-1.15;-2.21;-0.03;-0.95
172163;0.11;9.94;-1.08;-2.12;-0.10;-1.15
172267;0.19;10.01;-1.10;-2.26;0.12;-0.97
172372;0.19;9.93;-0.99;-2.18;-0.08;-1.14
172477;0.21;9.92;-1.05;-2.15;0.00;-1.08
172581;0.18;9.96;-0.99;-2.04;-0.06;-1.03
172686;0.15;9.96;-1.08;-2.17;0.05;-1.29
172790;0.24;9.96;-1.07;-2.26;0.09;-1.17
172895;0.14;9.90;-1.10;-2.19;-0.08;-1.07
172999;0.16;9.94;-1.12;-2.12;0.13;-1.14
173104;0.10;9.92;-1.02;-2.13;0.15;-1.15
173208;0.17;9.96;-1.05;-2.25;0.05;-1.14
173313;0.17;9.88;-1.08;-1.90;-0.03;-1.22
173417;0.13;9.98;-1.05;-2.15;0.18;-1.11
173521;0.12;9.93;-1.15;-2.12;0.02;-1.06
173626;0.22;9.96;-1.07;-2.32;0.13;-0.93
173730;0.16;9.94;-1.07;-2.01;0.12;-1.16
173835;0.13;10.00;-1.14;-2.22;0.15;-1.13
173939;0.14;9.96;-1.10;-2.09;0.08;-1.05
174044;0.15;10.02;-1.05;-2.11;0.10;-1.11
174148;0.14;9.93;-1.01;-2.15;0.16;-1.03
174253;0.20;9.94;-1.07;-2.28;-0.17;-1.25
174357;0.20;9.94;-1.14;-2.23;-0.02;-1.17
174461;0.13;9.92;-1.08;-2.05;0.18;-1.37
174566;0.18;9.98;-1.09;-2.20;0.02;-1.11
174670;0.17;9.93;-1.10;-2.27;-0.14;-0.97
174775;0.23;9.97;-1.04;-2.24;-0.05;-1.21
174879;0.15;9.92;-1.06;-2.23;0.04;-1.25
174984;0.23;9.94;-0.99;-2.19;-0.03;-1.10
175088;0.18;9.92;-1.07;-2.28;-0.11;-0.98
175193;0.14;9.95;-1.03;-2.16;-0.12;-1.21
175297;0.16;9.93;-1.12;-2.08;-0.07;-1.27
175401;0.17;9.96;-1.00;-2.08;-0.07;-1.09
175506;0.19;9.95;-1.07;-2.23;0.06;-1.15
175610;0.23;9.92;-1.11;-2.33;-0.02;-1.01
175715;0.16;9.96;-1.05;-2.18;-0.11;-1.12
175819;0.16;9.93;-1.16;-2.09;-0.08;-1.11
175924;0.20;9.98;-1.03;-2.19;0.15;-0.98
176028;0.19;10.01;-1.11;-2.09;-0.01;-1.21
176133;0.15;9.93;-1.09;-1.98;0.07;-1.27
176237;0.15;9.98;-1.15;-2.18;0.14;-1.16
176342;0.20;9.90;-1.14;-2.20;0.11;-1.19
176446;0.20;9.95;-1.15;-2.36;0.09;-1.29
176550;0.14;9.95;-1.07;-2.20;0.02;-1.11
176655;0.15;9.95;-1.04;-2.34;-0.06;-1.10
176759;0.17;9.93;-1.01;-2.14;0.13;-1.27
176864;0.14;9.90;-1.07;-2.27;0.10;-1.05
176968;0.17;9.91;-1.15;-2.18;0.07;-1.05
177073;0.21;9.97;-1.10;-1.98;0.24;-1.14
177177;0.22;9.90;-1.08;-2.13;0.07;-1.22
177282;0.17;9.94;-1.03;-2.23;-0.20;-1.08
177387;0.22;9.96;-1.06;-2.14;-0.11;-1.08
177491;0.10;9.92;-1.07;-2.20;0.00;-1.13
177596;0.19;9.97;-1.01;-2.18;0.07;-1.13
177700;0.22;9.93;-1.00;-2.34;-0.02;-1.24
177805;0.20;9.95;-1.13;-2.11;-0.02;-1.05
177909;0.19;9.93;-1.02;-2.20;0.13;-1.30
178014;0.13;9.99;-1.07;-2.34;-0.02;-1.05
178118;0.21;10.00;-1.11;-2.29;0.03;-1.02
178223;0.18;9.95;-1.04;-2.08;-0.09;-1.15
178327;0.18;10.01;-1.13;-2.22;0.08;-1.07
178432;0.19;9.99;-1.10;-2.08;-0.03;-1.10
178536;0.18;10.01;-1.07;-2.20;0.16;-1.20
178640;0.19;9.97;-1.13;-2.04;0.22;-1.14
178745;0.15;9.94;-1.06;-2.03;0.02;-1.00
178849;0.21;9.97;-1.01;-2.13;0.17;-1.11
178954;0.16;9.96;-1.08;-2.13;-0.16;-1.13
179058;0.13;9.93;-1.04;-2.14;-0.02;-1.28
179163;0.19;9.94;-1.10;-2.29;0.03;-1.10
179267;0.16;9.96;-1.05;-2.37;-0.06;-1.11
179372;0.15;9.99;-1.11;-2.26;-0.06;-1.15
179476;0.24;9.94;-1.09;-2.26;0.36;-1.06
179580;0.17;9.94;-1.04;-2.24;-0.16;-1.35
179685;0.24;9.96;-1.06;-2.02;0.09;-1.05
179789;0.15;9.95;-1.11;-2.25;-0.05;-1.14
179894;0.13;9.97;-1.12;-2.35;-0.01;-1.09
179998;0.16;9.96;-1.01;-2.12;0.03;-1.02
180103;0.18;9.95;-1.08;-2.15;0.00;-1.08
180207;0.17;9.93;-0.99;-2.20;-0.04;-1.11
180312;0.23;9.96;-1.10;-2.28;-0.03;-1.05
180416;0.16;9.98;-1.04;-2.17;0.07;-1.10
180520;0.17;9.98;-1.13;-2.26;0.05;-1.04
180625;0.20;9.96;-1.11;-2.07;0.08;-1.01
180729;0.23;9.95;-0.97;-2.21;-0.02;-1.23
180834;0.17;9.96;-1.03;-2.23;-0.10;-1.19
180938;0.18;9.96;-1.00;-2.28;0.04;-1.12
181043;0.07;9.95;-1.01;-2.24;0.02;-1.20
181147;0.17;9.99;-1.03;-2.19;-0.04;-1.30
181252;0.15;9.93;-1.01;-2.24;0.02;-1.23
181356;0.18;9.99;-1.02;-2.16;0.01;-1.01
181460;0.07;9.94;-1.10;-2.18;-0.03;-1.16
181565;0.16;9.95;-1.12;-2.19;0.01;-1.24
181669;0.21;9.95;-1.15;-2.06;0.00;-0.95
181774;0.15;9.92;-1.12;-2.20;0.14;-1.28
181878;0.21;10.01;-1.08;-2.29;0.11;-1.16
181983;0.21;9.95;-1.07;-2.20;-0.02;-1.21
182087;0.13;9.99;-1.05;-2.34;0.09;-1.25
182192;0.17;9.94;-1.08;-2.16;-0.07;-1.07
182296;0.15;10.00;-1.05;-2.07;-0.13;-1.24
182402;0.09;9.96;-1.02;-2.27;0.21;-1.21
182506;0.17;9.97;-1.16;-2.07;0.00;-1.06
182610;0.23;10.00;-1.02;-2.14;0.08;-0.98
182715;0.14;9.92;-1.09;-2.02;0.08;-1.20
182819;0.18;10.00;-1.02;-2.39;-0.05;-1.17
182924;0.15;9.91;-1.00;-2.28;0.21;-1.21
183028;0.15;9.91;-1.07;-2.15;-0.06;-1.12
183133;0.20;9.96;-1.11;-2.08;-0.05;-0.96
183237;0.15;9.97;-1.08;-1.96;-0.06;-1.04
183342;0.19;9.89;-1.11;-2.14;-0.11;-1.36
183446;0.23;9.91;-1.08;-2.30;-0.11;-1.17
183550;0.19;9.94;-1.09;-2.19;0.07;-1.05
183655;0.19;9.94;-0.95;-2.42;0.15;-1.28
183759;0.16;10.00;-1.09;-2.13;-0.02;-1.14
183864;0.19;9.96;-1.01;-2.25;-0.09;-1.14
183968;0.22;9.94;-1.04;-2.38;0.19;-1.13
184073;0.19;10.01;-1.04;-2.27;-0.11;-1.17
184177;0.15;9.95;-1.10;-2.22;0.08;-0.98
184282;0.19;9.90;-1.07;-2.24;0.12;-1.17
184386;0.19;9.91;-1.15;-2.27;-0.03;-1.24
184491;0.18;9.94;-1.10;-2.27;0.09;-0.88
184595;0.17;9.93;-1.07;-2.08;0.01;-1.26
184699;0.21;9.93;-1.12;-2.40;-0.11;-1.06
184804;0.16;9.96;-1.07;-2.16;-0.02;-1.13
184908;0.21;9.94;-1.02;-2.13;-0.08;-1.07
185013;0.17;9.94;-1.10;-2.31;-0.03;-1.20
185117;0.13;9.96;-1.07;-2.20;0.05;-1.14
185222;0.20;9.97;-0.98;-2.20;0.19;-1.28
185326;0.17;9.95;-1.04;-2.08;-0.03;-1.06
185431;0.15;9.93;-1.05;-2.04;0.10;-1.07
185535;0.17;9.93;-1.00;-2.13;0.07;-1.20
185639;0.15;9.90;-1.06;-2.21;-0.11;-1.22
185744;0.16;9.92;-1.04;-2.22;0.11;-1.25
185848;0.22;9.96;-1.19;-2.17;0.11;-1.00
185953;0.17;9.96;-1.05;-2.07;0.05;-1.10
186057;0.21;9.99;-1.02;-2.12;0.11;-1.21
186162;0.18;9.95;-1.03;-2.30;0.05;-1.21
186266;0.16;10.00;-0.96;-2.08;-0.11;-1.18
186371;0.14;9.96;-1.09;-2.23;0.02;-0.98
186475;0.17;9.92;-1.02;-2.24;0.02;-1.24
186579;0.19;9.90;-1.08;-2.25;0.05;-1.26
186684;0.18;9.90;-1.06;-2.29;-0.06;-1.32
186788;0.16;9.93;-1.05;-2.22;0.15;-1.06
186893;0.14;9.91;-1.13;-2.24;0.05;-1.14
186997;0.18;9.99;-1.19;-2.20;-0.05;-1.17
187102;0.25;9.95;-1.13;-2.17;0.03;-1.20
187207;0.16;9.95;-1.06;-2.17;0.15;-1.01
187312;0.22;9.95;-0.93;-2.27;0.31;-1.12
187416;0.19;9.97;-1.07;-2.21;0.02;-1.27
187521;0.12;10.00;-1.14;-2.04;-0.05;-1.16
187625;0.12;9.94;-0.93;-2.19;-0.03;-0.97
187729;0.20;10.02;-1.06;-2.27;0.32;-1.21
187834;0.14;9.92;-1.13;-2.30;-0.04;-0.99
187938;0.19;9.96;-1.08;-2.08;0.12;-0.98
188043;0.17;9.97;-1.02;-2.19;0.13;-1.09
188147;0.17;9.94;-1.02;-2.09;-0.09;-1.14
188252;0.14;9.95;-1.15;-2.14;-0.06;-0.98
188356;0.17;9.95;-1.05;-2.08;0.06;-1.14
188461;0.21;10.00;-1.11;-2.23;0.05;-1.21
188565;0.16;9.95;-1.03;-2.24;0.00;-1.22
188669;0.16;9.97;-1.12;-2.09;-0.05;-1.14
188774;0.15;9.96;-1.06;-2.30;-0.05;-1.01
188878;0.19;9.98;-1.13;-2.21;-0.02;-1.16
188983;0.21;9.95;-1.04;-2.18;-0.08;-1.13
189087;0.23;9.97;-1.04;-2.12;0.12;-1.18
189192;0.19;9.99;-1.13;-2.21;-0.11;-1.18
189296;0.15;9.97;-1.06;-2.28;0.08;-1.17
189401;0.11;9.94;-1.04;-2.08;-0.14;-1.19
189505;0.23;9.97;-1.08;-2.24;0.01;-1.06
189609;0.22;9.94;-1.09;-2.20;0.02;-1.08
189714;0.14;9.99;-1.05;-2.32;0.12;-1.35
189818;0.17;9.99;-1.02;-2.16;0.09;-1.07
189923;0.19;9.97;-0.98;-2.22;-0.08;-0.93
190027;0.14;9.94;-1.02;-2.12;-0.08;-1.21
190132;0.13;9.96;-1.04;-2.08;0.12;-1.19
190236;0.10;9.96;-0.94;-2.09;0.05;-1.16